{
  "Myiarchus cinerascens": 0.3523247908722769,
  "Spizella breweri": 0.3534531328766717,
  "Spinus tristis": 0.4156901722815094,
  "Artemisiospiza belli": 0.4932547072211877,
  "Polioptila caerulea": 0.5338125307895561,
  "Setophaga striata": 0.5674331143482815,
  "Calypte anna": 0.6131430041152264,
  "Empidonax alnorum": 0.6209043079647861,
  "Dolichonyx oryzivorus": 0.6253016472563214,
  "Toxostoma rufum": 0.6351985078603783,
  "Spizelloides arborea": 0.7546375435264324,
  "Thryomanes bewickii": 0.7690992386114337,
  "Mniotilta varia": 0.7997517444981214,
  "Corvus brachyrhynchos": 0.8041219726101329,
  "Setophaga virens": 0.8538935453829071,
  "Scolopax minor": 0.8605515847231247,
  "Setophaga ruticilla": 0.884695316559044,
  "Riparia riparia": 0.8882554586779939,
  "Turdus migratorius": 0.9158982634086369,
  "Selasphorus platycercus": 0.9723853809756894,
  "Cyanocitta cristata": 0.9766879711569977,
  "Poecile atricapillus": 0.9898272712174058,
  "Setophaga nigrescens": 1.014857386121754,
  "Setophaga fusca": 1.0171957671957672,
  "Certhia americana": 1.0171957671957672,
  "Molothrus ater": 1.0195449491061501,
  "Sayornis nigricans": 1.0663356593308284,
  "Icterus galbula": 1.0715120460266092,
  "Amphispiza bilineata": 1.1036574074074075,
  "Pheucticus melanocephalus": 1.129061286350289,
  "Buteo platypterus": 1.2028963568473106,
  "Passerina caerulea": 1.3418327141731397,
  "Vermivora cyanoptera": 1.354180867984549,
  "Megaceryle alcyon": 1.3583475783475782,
  "Vireo solitarius": 1.3795717592592593,
  "Strix varia": 1.388248311204286,
  "Icterus bullockii": 1.4914289289289289,
  "Archilochus alexandri": 1.587996269650946,
  "Setophaga caerulescens": 1.6111786969451203,
  "Psaltriparus minimus": 1.6290146234795682,
  "Haliaeetus leucocephalus": 1.7658518518518518,
  "Pica hudsonia": 1.8785657998423957,
  "Spatula discors": 1.9708167989417988,
  "Coccyzus erythropthalmus": 2.1963331490694675,
  "Hirundo rustica": 2.207314814814815,
  "Botaurus lentiginosus": 2.2184068490601154,
  "Chroicocephalus philadelphia": 2.299286265432099,
  "Mareca americana": 2.6755331088664422,
  "Euphagus cyanocephalus": 3.1533068783068785,
  "Anthus rubescens": 3.1533068783068785,
  "Calidris bairdii": 4.050118926265715,
  "Falco sparverius": 4.125822083766009,
  "Recurvirostra americana": 4.164744933612858,
  "Bucephala albeola": 4.504724111866969
}