recording_id,filename,duration_sec,original_sample_rate,original_channels,format,valid,error
XC101288,XC101288.wav,11.07,32000,1,WAV,True,
XC101292,XC101292.wav,10.08,32000,1,WAV,True,
XC101293,XC101293.wav,41.55,32000,1,WAV,True,
XC101580,XC101580.wav,47.22,32000,1,WAV,True,
XC101581,XC101581.wav,69.31,32000,1,WAV,True,
XC101591,XC101591.wav,33.25,32000,1,WAV,True,
XC101593,XC101593.wav,38.67,32000,1,WAV,True,
XC101614,XC101614.wav,33.97,32000,1,WAV,True,
XC102972,XC102972.wav,8.07,32000,1,WAV,True,
XC104520,XC104520.wav,13.89,32000,1,WAV,True,
XC104521,XC104521.wav,8.29,32000,1,WAV,True,
XC109162,XC109162.wav,84.93,32000,1,WAV,True,
XC109190,XC109190.wav,23.28,32000,1,WAV,True,
XC109191,XC109191.wav,20.05,32000,1,WAV,True,
XC109192,XC109192.wav,51.14,32000,1,WAV,True,
XC109299,XC109299.wav,114.62,32000,1,WAV,True,
XC109300,XC109300.wav,43.81,32000,1,WAV,True,
XC109301,XC109301.wav,11.54,32000,1,WAV,True,
XC109305,XC109305.wav,40.27,32000,1,WAV,True,
XC109306,XC109306.wav,27.98,32000,1,WAV,True,
XC109314,XC109314.wav,4.85,32000,1,WAV,True,
XC109601,XC109601.wav,2.3,32000,1,WAV,True,
XC109602,XC109602.wav,79.84,32000,1,WAV,True,
XC109603,XC109603.wav,43.42,32000,1,WAV,True,
XC109606,XC109606.wav,60.5,32000,1,WAV,True,
XC109651,XC109651.wav,13.33,32000,1,WAV,True,
XC109666,XC109666.wav,42.62,32000,1,WAV,True,
XC109668,XC109668.wav,10.32,32000,1,WAV,True,
XC109768,XC109768.wav,7.66,32000,1,WAV,True,
XC109852,XC109852.wav,73.56,32000,1,WAV,True,
XC109920,XC109920.wav,88.96,32000,1,WAV,True,
XC109921,XC109921.wav,11.22,32000,1,WAV,True,
XC109922,XC109922.wav,2.72,32000,1,WAV,True,
XC109923,XC109923.wav,19.71,32000,1,WAV,True,
XC109946,XC109946.wav,62.94,32000,1,WAV,True,
XC109947,XC109947.wav,6.22,32000,1,WAV,True,
XC109948,XC109948.wav,37.66,32000,1,WAV,True,
XC109949,XC109949.wav,88.63,32000,1,WAV,True,
XC109950,XC109950.wav,25.44,32000,1,WAV,True,
XC109951,XC109951.wav,15.63,32000,1,WAV,True,
XC110078,XC110078.wav,46.64,32000,1,WAV,True,
XC110079,XC110079.wav,15.24,32000,1,WAV,True,
XC110080,XC110080.wav,29.1,32000,1,WAV,True,
XC110081,XC110081.wav,52.05,32000,1,WAV,True,
XC110813,XC110813.wav,3.5,32000,1,WAV,True,
XC111040,XC111040.wav,33.15,32000,1,WAV,True,
XC111041,XC111041.wav,30.98,32000,1,WAV,True,
XC111042,XC111042.wav,27.32,32000,1,WAV,True,
XC111043,XC111043.wav,37.74,32000,1,WAV,True,
XC111138,XC111138.wav,13.46,32000,1,WAV,True,
XC111139,XC111139.wav,14.54,32000,1,WAV,True,
XC112499,XC112499.wav,7.38,32000,1,WAV,True,
XC112501,XC112501.wav,30.61,32000,1,WAV,True,
XC112502,XC112502.wav,31.2,32000,1,WAV,True,
XC112579,XC112579.wav,13.72,32000,1,WAV,True,
XC112598,XC112598.wav,107.12,32000,1,WAV,True,
XC112829,XC112829.wav,36.03,32000,1,WAV,True,
XC113485,XC113485.wav,4.61,32000,1,WAV,True,
XC113486,XC113486.wav,23.95,32000,1,WAV,True,
XC113721,XC113721.wav,19.59,32000,1,WAV,True,
XC113723,XC113723.wav,14.58,32000,1,WAV,True,
XC113724,XC113724.wav,19.59,32000,1,WAV,True,
XC113808,XC113808.wav,45.62,32000,1,WAV,True,
XC113814,XC113814.wav,24.53,32000,1,WAV,True,
XC113820,XC113820.wav,68.26,32000,1,WAV,True,
XC113821,XC113821.wav,35.7,32000,1,WAV,True,
XC113827,XC113827.wav,69.02,32000,1,WAV,True,
XC114061,XC114061.wav,26.41,32000,1,WAV,True,
XC114073,XC114073.wav,18.96,32000,1,WAV,True,
XC114081,XC114081.wav,16.08,32000,1,WAV,True,
XC114085,XC114085.wav,6.21,32000,1,WAV,True,
XC114086,XC114086.wav,38.75,32000,1,WAV,True,
XC114087,XC114087.wav,27.7,32000,1,WAV,True,
XC114342,XC114342.wav,136.97,32000,1,WAV,True,
XC114550,XC114550.wav,16.27,32000,1,WAV,True,
XC114551,XC114551.wav,6.8,32000,1,WAV,True,
XC114552,XC114552.wav,14.14,32000,1,WAV,True,
XC114554,XC114554.wav,3.68,32000,1,WAV,True,
XC114555,XC114555.wav,5.09,32000,1,WAV,True,
XC114556,XC114556.wav,25.81,32000,1,WAV,True,
XC114557,XC114557.wav,15.47,32000,1,WAV,True,
XC114558,XC114558.wav,4.56,32000,1,WAV,True,
XC114559,XC114559.wav,29.57,32000,1,WAV,True,
XC114560,XC114560.wav,19.1,32000,1,WAV,True,
XC114561,XC114561.wav,5.89,32000,1,WAV,True,
XC11476,XC11476.wav,1.39,32000,1,WAV,True,
XC114930,XC114930.wav,29.22,32000,1,WAV,True,
XC115430,XC115430.wav,24.36,32000,1,WAV,True,
XC115587,XC115587.wav,20.11,32000,1,WAV,True,
XC115594,XC115594.wav,46.18,32000,1,WAV,True,
XC115938,XC115938.wav,49.63,32000,1,WAV,True,
XC115939,XC115939.wav,48.15,32000,1,WAV,True,
XC115940,XC115940.wav,23.78,32000,1,WAV,True,
XC116054,XC116054.wav,23.41,32000,1,WAV,True,
XC116055,XC116055.wav,82.08,32000,1,WAV,True,
XC116056,XC116056.wav,16.51,32000,1,WAV,True,
XC116372,XC116372.wav,2.7,32000,1,WAV,True,
XC116373,XC116373.wav,13.28,32000,1,WAV,True,
XC116374,XC116374.wav,8.83,32000,1,WAV,True,
XC11722,XC11722.wav,11.33,32000,1,WAV,True,
XC11847,XC11847.wav,12.95,32000,1,WAV,True,
XC118749,XC118749.wav,1.07,32000,1,WAV,True,
XC119593,XC119593.wav,3.87,32000,1,WAV,True,
XC120285,XC120285.wav,2.14,32000,1,WAV,True,
XC120809,XC120809.wav,41.06,32000,1,WAV,True,
XC120842,XC120842.wav,105.0,32000,1,WAV,True,
XC120843,XC120843.wav,114.07,32000,1,WAV,True,
XC120844,XC120844.wav,56.54,32000,1,WAV,True,
XC120855,XC120855.wav,52.92,32000,1,WAV,True,
XC120868,XC120868.wav,40.39,32000,1,WAV,True,
XC120878,XC120878.wav,32.8,32000,1,WAV,True,
XC121042,XC121042.wav,125.11,32000,1,WAV,True,
XC121043,XC121043.wav,18.46,32000,1,WAV,True,
XC121044,XC121044.wav,18.42,32000,1,WAV,True,
XC121045,XC121045.wav,5.15,32000,1,WAV,True,
XC121046,XC121046.wav,24.11,32000,1,WAV,True,
XC121068,XC121068.wav,34.77,32000,1,WAV,True,
XC121396,XC121396.wav,65.04,32000,1,WAV,True,
XC121435,XC121435.wav,24.81,32000,1,WAV,True,
XC122259,XC122259.wav,54.21,32000,1,WAV,True,
XC122442,XC122442.wav,23.8,32000,1,WAV,True,
XC122453,XC122453.wav,2.16,32000,1,WAV,True,
XC122455,XC122455.wav,23.74,32000,1,WAV,True,
XC122640,XC122640.wav,96.19,32000,1,WAV,True,
XC122641,XC122641.wav,88.53,32000,1,WAV,True,
XC122806,XC122806.wav,37.66,32000,1,WAV,True,
XC122807,XC122807.wav,6.16,32000,1,WAV,True,
XC122809,XC122809.wav,130.85,32000,1,WAV,True,
XC122810,XC122810.wav,17.65,32000,1,WAV,True,
XC122811,XC122811.wav,65.52,32000,1,WAV,True,
XC122812,XC122812.wav,211.82,32000,1,WAV,True,
XC122813,XC122813.wav,176.64,32000,1,WAV,True,
XC122814,XC122814.wav,98.53,32000,1,WAV,True,
XC122815,XC122815.wav,88.4,32000,1,WAV,True,
XC122816,XC122816.wav,92.58,32000,1,WAV,True,
XC122817,XC122817.wav,68.65,32000,1,WAV,True,
XC122818,XC122818.wav,23.04,32000,1,WAV,True,
XC122819,XC122819.wav,76.0,32000,1,WAV,True,
XC122820,XC122820.wav,33.18,32000,1,WAV,True,
XC122821,XC122821.wav,87.25,32000,1,WAV,True,
XC122822,XC122822.wav,86.4,32000,1,WAV,True,
XC122824,XC122824.wav,85.49,32000,1,WAV,True,
XC122825,XC122825.wav,147.72,32000,1,WAV,True,
XC122826,XC122826.wav,41.38,32000,1,WAV,True,
XC122892,XC122892.wav,38.66,32000,1,WAV,True,
XC122895,XC122895.wav,50.7,32000,1,WAV,True,
XC122896,XC122896.wav,78.42,32000,1,WAV,True,
XC122898,XC122898.wav,172.9,32000,1,WAV,True,
XC122900,XC122900.wav,119.34,32000,1,WAV,True,
XC122904,XC122904.wav,89.87,32000,1,WAV,True,
XC122908,XC122908.wav,154.66,32000,1,WAV,True,
XC122909,XC122909.wav,18.34,32000,1,WAV,True,
XC122910,XC122910.wav,31.06,32000,1,WAV,True,
XC122911,XC122911.wav,208.95,32000,1,WAV,True,
XC122912,XC122912.wav,219.38,32000,1,WAV,True,
XC122913,XC122913.wav,126.11,32000,1,WAV,True,
XC122914,XC122914.wav,165.04,32000,1,WAV,True,
XC122915,XC122915.wav,258.05,32000,1,WAV,True,
XC122916,XC122916.wav,43.23,32000,1,WAV,True,
XC122918,XC122918.wav,55.59,32000,1,WAV,True,
XC122922,XC122922.wav,38.35,32000,1,WAV,True,
XC122924,XC122924.wav,268.03,32000,1,WAV,True,
XC123156,XC123156.wav,62.41,32000,1,WAV,True,
XC123302,XC123302.wav,3.55,32000,1,WAV,True,
XC123306,XC123306.wav,4.99,32000,1,WAV,True,
XC123343,XC123343.wav,1.36,32000,1,WAV,True,
XC123363,XC123363.wav,10.71,32000,1,WAV,True,
XC123364,XC123364.wav,3.7,32000,1,WAV,True,
XC123370,XC123370.wav,4.8,32000,1,WAV,True,
XC123405,XC123405.wav,18.69,32000,1,WAV,True,
XC123506,XC123506.wav,59.84,32000,1,WAV,True,
XC124067,XC124067.wav,0.91,32000,1,WAV,True,
XC124268,XC124268.wav,42.41,32000,1,WAV,True,
XC124312,XC124312.wav,16.91,32000,1,WAV,True,
XC124431,XC124431.wav,78.46,32000,1,WAV,True,
XC124433,XC124433.wav,49.43,32000,1,WAV,True,
XC124438,XC124438.wav,66.51,32000,1,WAV,True,
XC124439,XC124439.wav,32.57,32000,1,WAV,True,
XC124441,XC124441.wav,141.27,32000,1,WAV,True,
XC124484,XC124484.wav,23.92,32000,1,WAV,True,
XC124590,XC124590.wav,137.55,32000,1,WAV,True,
XC124591,XC124591.wav,106.02,32000,1,WAV,True,
XC124593,XC124593.wav,71.09,32000,1,WAV,True,
XC124595,XC124595.wav,357.66,32000,1,WAV,True,
XC124992,XC124992.wav,112.61,32000,1,WAV,True,
XC125090,XC125090.wav,77.71,32000,1,WAV,True,
XC125091,XC125091.wav,125.05,32000,1,WAV,True,
XC125093,XC125093.wav,187.58,32000,1,WAV,True,
XC125094,XC125094.wav,190.04,32000,1,WAV,True,
XC125095,XC125095.wav,196.55,32000,1,WAV,True,
XC125096,XC125096.wav,80.82,32000,1,WAV,True,
XC125168,XC125168.wav,10.91,32000,1,WAV,True,
XC125169,XC125169.wav,59.43,32000,1,WAV,True,
XC125171,XC125171.wav,125.6,32000,1,WAV,True,
XC125173,XC125173.wav,364.51,32000,1,WAV,True,
XC125176,XC125176.wav,272.72,32000,1,WAV,True,
XC125178,XC125178.wav,100.99,32000,1,WAV,True,
XC125207,XC125207.wav,259.15,32000,1,WAV,True,
XC125512,XC125512.wav,21.78,32000,1,WAV,True,
XC125540,XC125540.wav,247.47,32000,1,WAV,True,
XC125542,XC125542.wav,8.38,32000,1,WAV,True,
XC125544,XC125544.wav,36.05,32000,1,WAV,True,
XC125546,XC125546.wav,6.0,32000,1,WAV,True,
XC125547,XC125547.wav,35.04,32000,1,WAV,True,
XC125549,XC125549.wav,38.24,32000,1,WAV,True,
XC125550,XC125550.wav,41.66,32000,1,WAV,True,
XC125553,XC125553.wav,47.55,32000,1,WAV,True,
XC125555,XC125555.wav,75.62,32000,1,WAV,True,
XC125556,XC125556.wav,46.63,32000,1,WAV,True,
XC125557,XC125557.wav,139.77,32000,1,WAV,True,
XC125558,XC125558.wav,117.52,32000,1,WAV,True,
XC125559,XC125559.wav,237.79,32000,1,WAV,True,
XC125560,XC125560.wav,20.06,32000,1,WAV,True,
XC125561,XC125561.wav,144.14,32000,1,WAV,True,
XC125564,XC125564.wav,159.97,32000,1,WAV,True,
XC125567,XC125567.wav,452.21,32000,1,WAV,True,
XC125569,XC125569.wav,81.27,32000,1,WAV,True,
XC125571,XC125571.wav,84.22,32000,1,WAV,True,
XC125573,XC125573.wav,72.67,32000,1,WAV,True,
XC125576,XC125576.wav,243.64,32000,1,WAV,True,
XC125579,XC125579.wav,4.44,32000,1,WAV,True,
XC125581,XC125581.wav,27.17,32000,1,WAV,True,
XC125727,XC125727.wav,108.94,32000,1,WAV,True,
XC125729,XC125729.wav,123.07,32000,1,WAV,True,
XC125844,XC125844.wav,32.02,32000,1,WAV,True,
XC126022,XC126022.wav,0.86,32000,1,WAV,True,
XC127371,XC127371.wav,19.94,32000,1,WAV,True,
XC127418,XC127418.wav,13.73,32000,1,WAV,True,
XC127600,XC127600.wav,218.21,32000,1,WAV,True,
XC127999,XC127999.wav,434.53,32000,1,WAV,True,
XC128001,XC128001.wav,53.36,32000,1,WAV,True,
XC128002,XC128002.wav,178.68,32000,1,WAV,True,
XC128099,XC128099.wav,25.41,32000,1,WAV,True,
XC128249,XC128249.wav,13.06,32000,1,WAV,True,
XC128490,XC128490.wav,149.41,32000,1,WAV,True,
XC128705,XC128705.wav,14.21,32000,1,WAV,True,
XC128942,XC128942.wav,35.3,32000,1,WAV,True,
XC129225,XC129225.wav,23.74,32000,1,WAV,True,
XC129313,XC129313.wav,96.31,32000,1,WAV,True,
XC129386,XC129386.wav,59.1,32000,1,WAV,True,
XC129387,XC129387.wav,31.68,32000,1,WAV,True,
XC129650,XC129650.wav,28.37,32000,1,WAV,True,
XC129798,XC129798.wav,24.26,32000,1,WAV,True,
XC130058,XC130058.wav,22.4,32000,1,WAV,True,
XC130170,XC130170.wav,31.94,32000,1,WAV,True,
XC130499,XC130499.wav,22.24,32000,1,WAV,True,
XC130500,XC130500.wav,6.4,32000,1,WAV,True,
XC130507,XC130507.wav,20.73,32000,1,WAV,True,
XC130508,XC130508.wav,14.85,32000,1,WAV,True,
XC130510,XC130510.wav,33.15,32000,1,WAV,True,
XC130511,XC130511.wav,11.18,32000,1,WAV,True,
XC130512,XC130512.wav,21.49,32000,1,WAV,True,
XC130513,XC130513.wav,6.75,32000,1,WAV,True,
XC130525,XC130525.wav,57.68,32000,1,WAV,True,
XC131093,XC131093.wav,89.82,32000,1,WAV,True,
XC131442,XC131442.wav,7.63,32000,1,WAV,True,
XC131445,XC131445.wav,10.48,32000,1,WAV,True,
XC131447,XC131447.wav,56.94,32000,1,WAV,True,
XC131452,XC131452.wav,67.49,32000,1,WAV,True,
XC131462,XC131462.wav,8.05,32000,1,WAV,True,
XC131549,XC131549.wav,50.75,32000,1,WAV,True,
XC131559,XC131559.wav,16.01,32000,1,WAV,True,
XC131566,XC131566.wav,46.83,32000,1,WAV,True,
XC131567,XC131567.wav,26.93,32000,1,WAV,True,
XC131637,XC131637.wav,117.6,32000,1,WAV,True,
XC131879,XC131879.wav,10.48,32000,1,WAV,True,
XC131881,XC131881.wav,53.73,32000,1,WAV,True,
XC131882,XC131882.wav,45.26,32000,1,WAV,True,
XC131925,XC131925.wav,16.61,32000,1,WAV,True,
XC131951,XC131951.wav,85.52,32000,1,WAV,True,
XC131952,XC131952.wav,17.87,32000,1,WAV,True,
XC131971,XC131971.wav,44.53,32000,1,WAV,True,
XC132145,XC132145.wav,500.03,32000,1,WAV,True,
XC132216,XC132216.wav,8.58,32000,1,WAV,True,
XC132217,XC132217.wav,70.98,32000,1,WAV,True,
XC132219,XC132219.wav,59.46,32000,1,WAV,True,
XC132220,XC132220.wav,41.22,32000,1,WAV,True,
XC132223,XC132223.wav,28.06,32000,1,WAV,True,
XC132224,XC132224.wav,4.35,32000,1,WAV,True,
XC132226,XC132226.wav,11.09,32000,1,WAV,True,
XC132229,XC132229.wav,76.43,32000,1,WAV,True,
XC132236,XC132236.wav,63.63,32000,1,WAV,True,
XC132237,XC132237.wav,54.56,32000,1,WAV,True,
XC132239,XC132239.wav,23.93,32000,1,WAV,True,
XC132241,XC132241.wav,38.06,32000,1,WAV,True,
XC132243,XC132243.wav,8.43,32000,1,WAV,True,
XC132246,XC132246.wav,41.31,32000,1,WAV,True,
XC132248,XC132248.wav,18.85,32000,1,WAV,True,
XC132250,XC132250.wav,16.98,32000,1,WAV,True,
XC132251,XC132251.wav,146.4,32000,1,WAV,True,
XC132254,XC132254.wav,225.98,32000,1,WAV,True,
XC132255,XC132255.wav,51.53,32000,1,WAV,True,
XC132256,XC132256.wav,124.64,32000,1,WAV,True,
XC132257,XC132257.wav,52.62,32000,1,WAV,True,
XC132258,XC132258.wav,55.76,32000,1,WAV,True,
XC132259,XC132259.wav,23.41,32000,1,WAV,True,
XC132277,XC132277.wav,12.09,32000,1,WAV,True,
XC132278,XC132278.wav,10.48,32000,1,WAV,True,
XC132280,XC132280.wav,6.03,32000,1,WAV,True,
XC132281,XC132281.wav,8.4,32000,1,WAV,True,
XC132282,XC132282.wav,4.73,32000,1,WAV,True,
XC132283,XC132283.wav,10.6,32000,1,WAV,True,
XC132284,XC132284.wav,22.05,32000,1,WAV,True,
XC132285,XC132285.wav,50.38,32000,1,WAV,True,
XC132286,XC132286.wav,10.21,32000,1,WAV,True,
XC132287,XC132287.wav,4.59,32000,1,WAV,True,
XC132288,XC132288.wav,54.86,32000,1,WAV,True,
XC132319,XC132319.wav,21.6,32000,1,WAV,True,
XC132320,XC132320.wav,13.92,32000,1,WAV,True,
XC132321,XC132321.wav,14.43,32000,1,WAV,True,
XC132322,XC132322.wav,7.92,32000,1,WAV,True,
XC132323,XC132323.wav,23.46,32000,1,WAV,True,
XC132324,XC132324.wav,6.35,32000,1,WAV,True,
XC132325,XC132325.wav,6.43,32000,1,WAV,True,
XC132328,XC132328.wav,12.38,32000,1,WAV,True,
XC132331,XC132331.wav,14.79,32000,1,WAV,True,
XC132333,XC132333.wav,18.05,32000,1,WAV,True,
XC132334,XC132334.wav,29.26,32000,1,WAV,True,
XC132335,XC132335.wav,25.76,32000,1,WAV,True,
XC132338,XC132338.wav,21.84,32000,1,WAV,True,
XC132341,XC132341.wav,24.69,32000,1,WAV,True,
XC132342,XC132342.wav,14.94,32000,1,WAV,True,
XC132344,XC132344.wav,31.4,32000,1,WAV,True,
XC132347,XC132347.wav,15.7,32000,1,WAV,True,
XC132348,XC132348.wav,7.47,32000,1,WAV,True,
XC132350,XC132350.wav,14.79,32000,1,WAV,True,
XC132352,XC132352.wav,44.82,32000,1,WAV,True,
XC132353,XC132353.wav,10.36,32000,1,WAV,True,
XC132355,XC132355.wav,73.33,32000,1,WAV,True,
XC132358,XC132358.wav,22.02,32000,1,WAV,True,
XC132359,XC132359.wav,9.14,32000,1,WAV,True,
XC132363,XC132363.wav,8.06,32000,1,WAV,True,
XC132365,XC132365.wav,4.08,32000,1,WAV,True,
XC132373,XC132373.wav,8.72,32000,1,WAV,True,
XC132381,XC132381.wav,49.66,32000,1,WAV,True,
XC132382,XC132382.wav,11.91,32000,1,WAV,True,
XC132383,XC132383.wav,5.56,32000,1,WAV,True,
XC132384,XC132384.wav,5.67,32000,1,WAV,True,
XC132386,XC132386.wav,13.06,32000,1,WAV,True,
XC132692,XC132692.wav,8.72,32000,1,WAV,True,
XC132693,XC132693.wav,35.89,32000,1,WAV,True,
XC132695,XC132695.wav,8.96,32000,1,WAV,True,
XC132819,XC132819.wav,9.16,32000,1,WAV,True,
XC132821,XC132821.wav,40.18,32000,1,WAV,True,
XC132823,XC132823.wav,16.34,32000,1,WAV,True,
XC132824,XC132824.wav,14.47,32000,1,WAV,True,
XC132826,XC132826.wav,53.55,32000,1,WAV,True,
XC132827,XC132827.wav,3.92,32000,1,WAV,True,
XC132828,XC132828.wav,8.92,32000,1,WAV,True,
XC132830,XC132830.wav,19.8,32000,1,WAV,True,
XC132831,XC132831.wav,11.25,32000,1,WAV,True,
XC132832,XC132832.wav,33.44,32000,1,WAV,True,
XC132833,XC132833.wav,36.03,32000,1,WAV,True,
XC132835,XC132835.wav,51.03,32000,1,WAV,True,
XC132836,XC132836.wav,26.87,32000,1,WAV,True,
XC132837,XC132837.wav,1.76,32000,1,WAV,True,
XC132838,XC132838.wav,16.09,32000,1,WAV,True,
XC132839,XC132839.wav,4.41,32000,1,WAV,True,
XC132842,XC132842.wav,30.83,32000,1,WAV,True,
XC132844,XC132844.wav,36.59,32000,1,WAV,True,
XC132845,XC132845.wav,8.67,32000,1,WAV,True,
XC132846,XC132846.wav,6.7,32000,1,WAV,True,
XC132847,XC132847.wav,19.28,32000,1,WAV,True,
XC132848,XC132848.wav,9.58,32000,1,WAV,True,
XC132849,XC132849.wav,19.14,32000,1,WAV,True,
XC132850,XC132850.wav,15.69,32000,1,WAV,True,
XC132851,XC132851.wav,11.01,32000,1,WAV,True,
XC132852,XC132852.wav,34.4,32000,1,WAV,True,
XC132853,XC132853.wav,12.64,32000,1,WAV,True,
XC132854,XC132854.wav,18.02,32000,1,WAV,True,
XC132855,XC132855.wav,5.56,32000,1,WAV,True,
XC132856,XC132856.wav,8.51,32000,1,WAV,True,
XC132857,XC132857.wav,11.01,32000,1,WAV,True,
XC132858,XC132858.wav,13.27,32000,1,WAV,True,
XC132859,XC132859.wav,15.46,32000,1,WAV,True,
XC132861,XC132861.wav,72.9,32000,1,WAV,True,
XC132864,XC132864.wav,58.75,32000,1,WAV,True,
XC132870,XC132870.wav,95.1,32000,1,WAV,True,
XC132872,XC132872.wav,35.02,32000,1,WAV,True,
XC132873,XC132873.wav,39.28,32000,1,WAV,True,
XC132886,XC132886.wav,19.31,32000,1,WAV,True,
XC132888,XC132888.wav,19.65,32000,1,WAV,True,
XC132889,XC132889.wav,26.72,32000,1,WAV,True,
XC132890,XC132890.wav,18.61,32000,1,WAV,True,
XC132891,XC132891.wav,29.41,32000,1,WAV,True,
XC132892,XC132892.wav,25.15,32000,1,WAV,True,
XC132894,XC132894.wav,47.95,32000,1,WAV,True,
XC132896,XC132896.wav,18.53,32000,1,WAV,True,
XC132901,XC132901.wav,119.34,32000,1,WAV,True,
XC132902,XC132902.wav,27.23,32000,1,WAV,True,
XC132903,XC132903.wav,126.46,32000,1,WAV,True,
XC132904,XC132904.wav,18.66,32000,1,WAV,True,
XC132905,XC132905.wav,32.3,32000,1,WAV,True,
XC132906,XC132906.wav,18.42,32000,1,WAV,True,
XC132908,XC132908.wav,20.58,32000,1,WAV,True,
XC132909,XC132909.wav,27.66,32000,1,WAV,True,
XC132910,XC132910.wav,20.43,32000,1,WAV,True,
XC132911,XC132911.wav,39.71,32000,1,WAV,True,
XC132913,XC132913.wav,79.89,32000,1,WAV,True,
XC132914,XC132914.wav,4.75,32000,1,WAV,True,
XC132916,XC132916.wav,149.17,32000,1,WAV,True,
XC132917,XC132917.wav,66.9,32000,1,WAV,True,
XC132918,XC132918.wav,90.88,32000,1,WAV,True,
XC132920,XC132920.wav,45.28,32000,1,WAV,True,
XC133039,XC133039.wav,25.75,32000,1,WAV,True,
XC133048,XC133048.wav,11.42,32000,1,WAV,True,
XC133080,XC133080.wav,10.29,32000,1,WAV,True,
XC133167,XC133167.wav,38.03,32000,1,WAV,True,
XC133392,XC133392.wav,33.69,32000,1,WAV,True,
XC133469,XC133469.wav,26.78,32000,1,WAV,True,
XC133500,XC133500.wav,25.0,32000,1,WAV,True,
XC133564,XC133564.wav,50.6,32000,1,WAV,True,
XC133565,XC133565.wav,55.22,32000,1,WAV,True,
XC133569,XC133569.wav,27.86,32000,1,WAV,True,
XC133590,XC133590.wav,137.08,32000,1,WAV,True,
XC133792,XC133792.wav,43.34,32000,1,WAV,True,
XC133794,XC133794.wav,19.02,32000,1,WAV,True,
XC133902,XC133902.wav,68.53,32000,1,WAV,True,
XC133923,XC133923.wav,304.63,32000,1,WAV,True,
XC133969,XC133969.wav,168.64,32000,1,WAV,True,
XC133979,XC133979.wav,197.64,32000,1,WAV,True,
XC133993,XC133993.wav,62.06,32000,1,WAV,True,
XC133996,XC133996.wav,28.94,32000,1,WAV,True,
XC133998,XC133998.wav,104.21,32000,1,WAV,True,
XC134014,XC134014.wav,42.74,32000,1,WAV,True,
XC134017,XC134017.wav,131.14,32000,1,WAV,True,
XC134100,XC134100.wav,57.3,32000,1,WAV,True,
XC134185,XC134185.wav,100.62,32000,1,WAV,True,
XC134349,XC134349.wav,75.73,32000,1,WAV,True,
XC134439,XC134439.wav,9.1,32000,1,WAV,True,
XC134495,XC134495.wav,25.07,32000,1,WAV,True,
XC134496,XC134496.wav,3.86,32000,1,WAV,True,
XC134499,XC134499.wav,11.07,32000,1,WAV,True,
XC134501,XC134501.wav,34.29,32000,1,WAV,True,
XC134502,XC134502.wav,14.45,32000,1,WAV,True,
XC134504,XC134504.wav,31.65,32000,1,WAV,True,
XC134505,XC134505.wav,5.55,32000,1,WAV,True,
XC134872,XC134872.wav,62.45,32000,1,WAV,True,
XC134874,XC134874.wav,24.54,32000,1,WAV,True,
XC134876,XC134876.wav,109.55,32000,1,WAV,True,
XC134994,XC134994.wav,3.76,32000,1,WAV,True,
XC135026,XC135026.wav,39.2,32000,1,WAV,True,
XC135052,XC135052.wav,21.58,32000,1,WAV,True,
XC135053,XC135053.wav,107.58,32000,1,WAV,True,
XC135054,XC135054.wav,43.73,32000,1,WAV,True,
XC135055,XC135055.wav,72.88,32000,1,WAV,True,
XC135067,XC135067.wav,10.8,32000,1,WAV,True,
XC135075,XC135075.wav,80.33,32000,1,WAV,True,
XC135086,XC135086.wav,57.28,32000,1,WAV,True,
XC135087,XC135087.wav,34.24,32000,1,WAV,True,
XC135110,XC135110.wav,13.76,32000,1,WAV,True,
XC135117,XC135117.wav,16.5,32000,1,WAV,True,
XC135120,XC135120.wav,49.62,32000,1,WAV,True,
XC135284,XC135284.wav,14.18,32000,1,WAV,True,
XC135440,XC135440.wav,72.82,32000,1,WAV,True,
XC135451,XC135451.wav,93.96,32000,1,WAV,True,
XC135454,XC135454.wav,36.3,32000,1,WAV,True,
XC135455,XC135455.wav,33.9,32000,1,WAV,True,
XC135456,XC135456.wav,26.53,32000,1,WAV,True,
XC135457,XC135457.wav,36.02,32000,1,WAV,True,
XC135459,XC135459.wav,7.78,32000,1,WAV,True,
XC135460,XC135460.wav,36.48,32000,1,WAV,True,
XC135462,XC135462.wav,32.3,32000,1,WAV,True,
XC135463,XC135463.wav,18.53,32000,1,WAV,True,
XC135466,XC135466.wav,12.49,32000,1,WAV,True,
XC135468,XC135468.wav,20.34,32000,1,WAV,True,
XC135476,XC135476.wav,10.03,32000,1,WAV,True,
XC135477,XC135477.wav,14.34,32000,1,WAV,True,
XC135478,XC135478.wav,1.66,32000,1,WAV,True,
XC135492,XC135492.wav,14.07,32000,1,WAV,True,
XC135494,XC135494.wav,2.82,32000,1,WAV,True,
XC135495,XC135495.wav,4.7,32000,1,WAV,True,
XC135496,XC135496.wav,18.64,32000,1,WAV,True,
XC135497,XC135497.wav,16.62,32000,1,WAV,True,
XC135498,XC135498.wav,10.68,32000,1,WAV,True,
XC135499,XC135499.wav,27.89,32000,1,WAV,True,
XC135501,XC135501.wav,28.19,32000,1,WAV,True,
XC135502,XC135502.wav,7.47,32000,1,WAV,True,
XC135503,XC135503.wav,2.27,32000,1,WAV,True,
XC135680,XC135680.wav,110.1,32000,1,WAV,True,
XC135688,XC135688.wav,86.59,32000,1,WAV,True,
XC135883,XC135883.wav,29.6,32000,1,WAV,True,
XC136021,XC136021.wav,47.57,32000,1,WAV,True,
XC136035,XC136035.wav,52.83,32000,1,WAV,True,
XC136051,XC136051.wav,26.26,32000,1,WAV,True,
XC136052,XC136052.wav,65.47,32000,1,WAV,True,
XC136053,XC136053.wav,26.03,32000,1,WAV,True,
XC136054,XC136054.wav,62.56,32000,1,WAV,True,
XC136055,XC136055.wav,123.86,32000,1,WAV,True,
XC136115,XC136115.wav,47.42,32000,1,WAV,True,
XC136140,XC136140.wav,11.98,32000,1,WAV,True,
XC136330,XC136330.wav,11.96,32000,1,WAV,True,
XC137040,XC137040.wav,51.34,32000,1,WAV,True,
XC137041,XC137041.wav,26.23,32000,1,WAV,True,
XC137042,XC137042.wav,30.36,32000,1,WAV,True,
XC137043,XC137043.wav,21.49,32000,1,WAV,True,
XC137044,XC137044.wav,9.15,32000,1,WAV,True,
XC137045,XC137045.wav,53.84,32000,1,WAV,True,
XC137527,XC137527.wav,25.18,32000,1,WAV,True,
XC137570,XC137570.wav,26.25,32000,1,WAV,True,
XC137604,XC137604.wav,60.42,32000,1,WAV,True,
XC137605,XC137605.wav,15.22,32000,1,WAV,True,
XC137610,XC137610.wav,2.4,32000,1,WAV,True,
XC137618,XC137618.wav,18.98,32000,1,WAV,True,
XC137637,XC137637.wav,49.14,32000,1,WAV,True,
XC137714,XC137714.wav,154.35,32000,1,WAV,True,
XC137726,XC137726.wav,73.91,32000,1,WAV,True,
XC137741,XC137741.wav,169.28,32000,1,WAV,True,
XC137774,XC137774.wav,132.3,32000,1,WAV,True,
XC137865,XC137865.wav,37.87,32000,1,WAV,True,
XC138054,XC138054.wav,89.52,32000,1,WAV,True,
XC138063,XC138063.wav,74.45,32000,1,WAV,True,
XC138065,XC138065.wav,42.14,32000,1,WAV,True,
XC138066,XC138066.wav,45.6,32000,1,WAV,True,
XC138068,XC138068.wav,5.62,32000,1,WAV,True,
XC138069,XC138069.wav,43.57,32000,1,WAV,True,
XC138073,XC138073.wav,21.08,32000,1,WAV,True,
XC138084,XC138084.wav,152.02,32000,1,WAV,True,
XC138085,XC138085.wav,103.09,32000,1,WAV,True,
XC138093,XC138093.wav,22.46,32000,1,WAV,True,
XC138140,XC138140.wav,12.29,32000,1,WAV,True,
XC138154,XC138154.wav,13.4,32000,1,WAV,True,
XC138159,XC138159.wav,37.58,32000,1,WAV,True,
XC138517,XC138517.wav,12.3,32000,1,WAV,True,
XC138610,XC138610.wav,36.93,32000,1,WAV,True,
XC138633,XC138633.wav,250.92,32000,1,WAV,True,
XC138639,XC138639.wav,45.46,32000,1,WAV,True,
XC138706,XC138706.wav,18.27,32000,1,WAV,True,
XC138718,XC138718.wav,15.78,32000,1,WAV,True,
XC138873,XC138873.wav,16.25,32000,1,WAV,True,
XC139055,XC139055.wav,11.63,32000,1,WAV,True,
XC139086,XC139086.wav,20.74,32000,1,WAV,True,
XC139089,XC139089.wav,19.09,32000,1,WAV,True,
XC139144,XC139144.wav,60.63,32000,1,WAV,True,
XC139171,XC139171.wav,5.04,32000,1,WAV,True,
XC139433,XC139433.wav,22.9,32000,1,WAV,True,
XC139438,XC139438.wav,30.46,32000,1,WAV,True,
XC139439,XC139439.wav,60.09,32000,1,WAV,True,
XC139446,XC139446.wav,58.07,32000,1,WAV,True,
XC139577,XC139577.wav,103.86,32000,1,WAV,True,
XC139595,XC139595.wav,8.14,32000,1,WAV,True,
XC139598,XC139598.wav,10.71,32000,1,WAV,True,
XC139603,XC139603.wav,10.51,32000,1,WAV,True,
XC139605,XC139605.wav,32.05,32000,1,WAV,True,
XC139608,XC139608.wav,19.33,32000,1,WAV,True,
XC139610,XC139610.wav,26.64,32000,1,WAV,True,
XC139613,XC139613.wav,2.16,32000,1,WAV,True,
XC139614,XC139614.wav,1.9,32000,1,WAV,True,
XC139619,XC139619.wav,3.01,32000,1,WAV,True,
XC139728,XC139728.wav,115.12,32000,1,WAV,True,
XC139729,XC139729.wav,11.47,32000,1,WAV,True,
XC139739,XC139739.wav,4.46,32000,1,WAV,True,
XC139740,XC139740.wav,3.38,32000,1,WAV,True,
XC139798,XC139798.wav,87.95,32000,1,WAV,True,
XC139829,XC139829.wav,17.52,32000,1,WAV,True,
XC139831,XC139831.wav,42.07,32000,1,WAV,True,
XC139856,XC139856.wav,42.19,32000,1,WAV,True,
XC139859,XC139859.wav,24.75,32000,1,WAV,True,
XC139880,XC139880.wav,72.14,32000,1,WAV,True,
XC139897,XC139897.wav,21.46,32000,1,WAV,True,
XC139908,XC139908.wav,61.33,32000,1,WAV,True,
XC139915,XC139915.wav,16.39,32000,1,WAV,True,
XC139916,XC139916.wav,55.94,32000,1,WAV,True,
XC139921,XC139921.wav,19.68,32000,1,WAV,True,
XC139932,XC139932.wav,42.78,32000,1,WAV,True,
XC139937,XC139937.wav,63.94,32000,1,WAV,True,
XC139938,XC139938.wav,24.94,32000,1,WAV,True,
XC139961,XC139961.wav,165.15,32000,1,WAV,True,
XC139987,XC139987.wav,41.1,32000,1,WAV,True,
XC140280,XC140280.wav,600.0,32000,1,WAV,True,
XC140282,XC140282.wav,600.01,32000,1,WAV,True,
XC140283,XC140283.wav,600.01,32000,1,WAV,True,
XC140286,XC140286.wav,600.0,32000,1,WAV,True,
XC140298,XC140298.wav,26.48,32000,1,WAV,True,
XC140465,XC140465.wav,41.92,32000,1,WAV,True,
XC141035,XC141035.wav,21.41,32000,1,WAV,True,
XC141213,XC141213.wav,17.89,32000,1,WAV,True,
XC141214,XC141214.wav,33.94,32000,1,WAV,True,
XC141316,XC141316.wav,6.48,32000,1,WAV,True,
XC141320,XC141320.wav,135.44,32000,1,WAV,True,
XC141344,XC141344.wav,51.52,32000,1,WAV,True,
XC141345,XC141345.wav,16.88,32000,1,WAV,True,
XC141412,XC141412.wav,5.04,32000,1,WAV,True,
XC141439,XC141439.wav,11.41,32000,1,WAV,True,
XC141441,XC141441.wav,51.58,32000,1,WAV,True,
XC141444,XC141444.wav,51.1,32000,1,WAV,True,
XC141445,XC141445.wav,51.85,32000,1,WAV,True,
XC141458,XC141458.wav,31.03,32000,1,WAV,True,
XC141469,XC141469.wav,53.92,32000,1,WAV,True,
XC141677,XC141677.wav,239.86,32000,1,WAV,True,
XC141749,XC141749.wav,37.6,32000,1,WAV,True,
XC141896,XC141896.wav,44.11,32000,1,WAV,True,
XC141897,XC141897.wav,6.56,32000,1,WAV,True,
XC141898,XC141898.wav,27.84,32000,1,WAV,True,
XC142065,XC142065.wav,19.28,32000,1,WAV,True,
XC142066,XC142066.wav,9.95,32000,1,WAV,True,
XC142067,XC142067.wav,29.04,32000,1,WAV,True,
XC142068,XC142068.wav,13.74,32000,1,WAV,True,
XC142069,XC142069.wav,86.41,32000,1,WAV,True,
XC142186,XC142186.wav,26.89,32000,1,WAV,True,
XC142218,XC142218.wav,31.73,32000,1,WAV,True,
XC142244,XC142244.wav,45.97,32000,1,WAV,True,
XC142329,XC142329.wav,16.62,32000,1,WAV,True,
XC142466,XC142466.wav,24.69,32000,1,WAV,True,
XC142592,XC142592.wav,42.9,32000,1,WAV,True,
XC142594,XC142594.wav,16.96,32000,1,WAV,True,
XC142632,XC142632.wav,82.0,32000,1,WAV,True,
XC142649,XC142649.wav,37.76,32000,1,WAV,True,
XC142650,XC142650.wav,29.2,32000,1,WAV,True,
XC142722,XC142722.wav,98.69,32000,1,WAV,True,
XC142731,XC142731.wav,35.5,32000,1,WAV,True,
XC142977,XC142977.wav,34.99,32000,1,WAV,True,
XC143748,XC143748.wav,22.88,32000,1,WAV,True,
XC143934,XC143934.wav,9.62,32000,1,WAV,True,
XC143936,XC143936.wav,36.85,32000,1,WAV,True,
XC143939,XC143939.wav,72.67,32000,1,WAV,True,
XC144024,XC144024.wav,4.22,32000,1,WAV,True,
XC144069,XC144069.wav,68.88,32000,1,WAV,True,
XC144071,XC144071.wav,28.97,32000,1,WAV,True,
XC144072,XC144072.wav,25.57,32000,1,WAV,True,
XC144080,XC144080.wav,9.26,32000,1,WAV,True,
XC144101,XC144101.wav,30.07,32000,1,WAV,True,
XC144540,XC144540.wav,12.98,32000,1,WAV,True,
XC144655,XC144655.wav,18.6,32000,1,WAV,True,
XC144658,XC144658.wav,67.84,32000,1,WAV,True,
XC144664,XC144664.wav,34.8,32000,1,WAV,True,
XC144666,XC144666.wav,18.22,32000,1,WAV,True,
XC144672,XC144672.wav,312.62,32000,1,WAV,True,
XC144674,XC144674.wav,46.45,32000,1,WAV,True,
XC144675,XC144675.wav,84.45,32000,1,WAV,True,
XC144676,XC144676.wav,76.04,32000,1,WAV,True,
XC144696,XC144696.wav,31.31,32000,1,WAV,True,
XC144899,XC144899.wav,4.64,32000,1,WAV,True,
XC145054,XC145054.wav,5.46,32000,1,WAV,True,
XC145055,XC145055.wav,5.66,32000,1,WAV,True,
XC146080,XC146080.wav,37.3,32000,1,WAV,True,
XC146082,XC146082.wav,3.89,32000,1,WAV,True,
XC146083,XC146083.wav,10.08,32000,1,WAV,True,
XC146086,XC146086.wav,7.23,32000,1,WAV,True,
XC146148,XC146148.wav,19.34,32000,1,WAV,True,
XC146167,XC146167.wav,64.58,32000,1,WAV,True,
XC146297,XC146297.wav,16.11,32000,1,WAV,True,
XC146599,XC146599.wav,43.83,32000,1,WAV,True,
XC146604,XC146604.wav,68.47,32000,1,WAV,True,
XC147059,XC147059.wav,8.72,32000,1,WAV,True,
XC147067,XC147067.wav,19.65,32000,1,WAV,True,
XC147069,XC147069.wav,8.5,32000,1,WAV,True,
XC147070,XC147070.wav,6.06,32000,1,WAV,True,
XC147071,XC147071.wav,15.98,32000,1,WAV,True,
XC147072,XC147072.wav,7.65,32000,1,WAV,True,
XC147073,XC147073.wav,31.2,32000,1,WAV,True,
XC147272,XC147272.wav,4.14,32000,1,WAV,True,
XC147273,XC147273.wav,15.81,32000,1,WAV,True,
XC147278,XC147278.wav,94.46,32000,1,WAV,True,
XC147286,XC147286.wav,33.12,32000,1,WAV,True,
XC147287,XC147287.wav,51.02,32000,1,WAV,True,
XC147288,XC147288.wav,176.96,32000,1,WAV,True,
XC147289,XC147289.wav,18.08,32000,1,WAV,True,
XC147290,XC147290.wav,17.65,32000,1,WAV,True,
XC147291,XC147291.wav,56.32,32000,1,WAV,True,
XC147292,XC147292.wav,41.14,32000,1,WAV,True,
XC147879,XC147879.wav,3.83,32000,1,WAV,True,
XC147880,XC147880.wav,4.31,32000,1,WAV,True,
XC148239,XC148239.wav,81.57,32000,1,WAV,True,
XC148500,XC148500.wav,1.31,32000,1,WAV,True,
XC148502,XC148502.wav,0.96,32000,1,WAV,True,
XC148503,XC148503.wav,1.76,32000,1,WAV,True,
XC148504,XC148504.wav,3.52,32000,1,WAV,True,
XC149087,XC149087.wav,14.05,32000,1,WAV,True,
XC149225,XC149225.wav,28.74,32000,1,WAV,True,
XC149253,XC149253.wav,21.55,32000,1,WAV,True,
XC149269,XC149269.wav,42.18,32000,1,WAV,True,
XC149270,XC149270.wav,16.37,32000,1,WAV,True,
XC149271,XC149271.wav,30.56,32000,1,WAV,True,
XC149273,XC149273.wav,5.07,32000,1,WAV,True,
XC149275,XC149275.wav,8.8,32000,1,WAV,True,
XC149276,XC149276.wav,17.52,32000,1,WAV,True,
XC149277,XC149277.wav,5.34,32000,1,WAV,True,
XC149283,XC149283.wav,27.87,32000,1,WAV,True,
XC149284,XC149284.wav,11.2,32000,1,WAV,True,
XC149285,XC149285.wav,174.02,32000,1,WAV,True,
XC149286,XC149286.wav,18.32,32000,1,WAV,True,
XC149289,XC149289.wav,15.55,32000,1,WAV,True,
XC149290,XC149290.wav,150.13,32000,1,WAV,True,
XC149305,XC149305.wav,189.39,32000,1,WAV,True,
XC149337,XC149337.wav,41.5,32000,1,WAV,True,
XC149345,XC149345.wav,12.85,32000,1,WAV,True,
XC149386,XC149386.wav,49.81,32000,1,WAV,True,
XC149387,XC149387.wav,26.59,32000,1,WAV,True,
XC149388,XC149388.wav,111.34,32000,1,WAV,True,
XC149390,XC149390.wav,32.38,32000,1,WAV,True,
XC149391,XC149391.wav,34.51,32000,1,WAV,True,
XC149392,XC149392.wav,5.78,32000,1,WAV,True,
XC149393,XC149393.wav,14.58,32000,1,WAV,True,
XC149395,XC149395.wav,4.53,32000,1,WAV,True,
XC149397,XC149397.wav,24.62,32000,1,WAV,True,
XC149398,XC149398.wav,15.02,32000,1,WAV,True,
XC149399,XC149399.wav,63.94,32000,1,WAV,True,
XC149401,XC149401.wav,111.5,32000,1,WAV,True,
XC149402,XC149402.wav,5.01,32000,1,WAV,True,
XC149403,XC149403.wav,19.36,32000,1,WAV,True,
XC149405,XC149405.wav,171.07,32000,1,WAV,True,
XC149406,XC149406.wav,6.19,32000,1,WAV,True,
XC149591,XC149591.wav,196.8,32000,1,WAV,True,
XC149911,XC149911.wav,12.86,32000,1,WAV,True,
XC149941,XC149941.wav,11.1,32000,1,WAV,True,
XC150015,XC150015.wav,20.19,32000,1,WAV,True,
XC150063,XC150063.wav,6.48,32000,1,WAV,True,
XC150215,XC150215.wav,8.22,32000,1,WAV,True,
XC150216,XC150216.wav,20.91,32000,1,WAV,True,
XC150220,XC150220.wav,43.36,32000,1,WAV,True,
XC150427,XC150427.wav,5.15,32000,1,WAV,True,
XC150428,XC150428.wav,9.72,32000,1,WAV,True,
XC151103,XC151103.wav,17.49,32000,1,WAV,True,
XC151283,XC151283.wav,7.69,32000,1,WAV,True,
XC152339,XC152339.wav,1.44,32000,1,WAV,True,
XC152396,XC152396.wav,146.4,32000,1,WAV,True,
XC152413,XC152413.wav,4.12,32000,1,WAV,True,
XC152456,XC152456.wav,47.28,32000,1,WAV,True,
XC152476,XC152476.wav,35.44,32000,1,WAV,True,
XC152477,XC152477.wav,17.92,32000,1,WAV,True,
XC152601,XC152601.wav,11.35,32000,1,WAV,True,
XC152873,XC152873.wav,18.34,32000,1,WAV,True,
XC152886,XC152886.wav,10.5,32000,1,WAV,True,
XC153020,XC153020.wav,10.83,32000,1,WAV,True,
XC153035,XC153035.wav,28.59,32000,1,WAV,True,
XC153179,XC153179.wav,195.02,32000,1,WAV,True,
XC153246,XC153246.wav,13.93,32000,1,WAV,True,
XC153402,XC153402.wav,32.88,32000,1,WAV,True,
XC153403,XC153403.wav,12.8,32000,1,WAV,True,
XC153409,XC153409.wav,15.28,32000,1,WAV,True,
XC153410,XC153410.wav,8.38,32000,1,WAV,True,
XC153411,XC153411.wav,14.9,32000,1,WAV,True,
XC153412,XC153412.wav,7.09,32000,1,WAV,True,
XC153417,XC153417.wav,18.62,32000,1,WAV,True,
XC153438,XC153438.wav,19.84,32000,1,WAV,True,
XC153440,XC153440.wav,121.74,32000,1,WAV,True,
XC153442,XC153442.wav,18.27,32000,1,WAV,True,
XC153443,XC153443.wav,36.77,32000,1,WAV,True,
XC153474,XC153474.wav,63.63,32000,1,WAV,True,
XC153475,XC153475.wav,22.03,32000,1,WAV,True,
XC153476,XC153476.wav,60.75,32000,1,WAV,True,
XC153478,XC153478.wav,5.38,32000,1,WAV,True,
XC153480,XC153480.wav,58.21,32000,1,WAV,True,
XC153483,XC153483.wav,95.49,32000,1,WAV,True,
XC153552,XC153552.wav,9.42,32000,1,WAV,True,
XC153554,XC153554.wav,15.44,32000,1,WAV,True,
XC153556,XC153556.wav,36.02,32000,1,WAV,True,
XC153640,XC153640.wav,16.44,32000,1,WAV,True,
XC153786,XC153786.wav,30.46,32000,1,WAV,True,
XC153860,XC153860.wav,2.54,32000,1,WAV,True,
XC153879,XC153879.wav,34.06,32000,1,WAV,True,
XC154092,XC154092.wav,145.14,32000,1,WAV,True,
XC154310,XC154310.wav,132.33,32000,1,WAV,True,
XC154449,XC154449.wav,19.27,32000,1,WAV,True,
XC154891,XC154891.wav,18.93,32000,1,WAV,True,
XC155039,XC155039.wav,145.37,32000,1,WAV,True,
XC155357,XC155357.wav,12.62,32000,1,WAV,True,
XC155439,XC155439.wav,5.41,32000,1,WAV,True,
XC155440,XC155440.wav,130.51,32000,1,WAV,True,
XC155441,XC155441.wav,191.9,32000,1,WAV,True,
XC155548,XC155548.wav,179.3,32000,1,WAV,True,
XC156075,XC156075.wav,62.4,32000,1,WAV,True,
XC156195,XC156195.wav,146.26,32000,1,WAV,True,
XC156257,XC156257.wav,47.41,32000,1,WAV,True,
XC156532,XC156532.wav,65.01,32000,1,WAV,True,
XC156536,XC156536.wav,11.5,32000,1,WAV,True,
XC156643,XC156643.wav,10.85,32000,1,WAV,True,
XC156746,XC156746.wav,89.33,32000,1,WAV,True,
XC156788,XC156788.wav,212.96,32000,1,WAV,True,
XC156822,XC156822.wav,60.86,32000,1,WAV,True,
XC157452,XC157452.wav,8.54,32000,1,WAV,True,
XC157457,XC157457.wav,28.42,32000,1,WAV,True,
XC157459,XC157459.wav,117.55,32000,1,WAV,True,
XC157462,XC157462.wav,22.7,32000,1,WAV,True,
XC157611,XC157611.wav,17.53,32000,1,WAV,True,
XC157628,XC157628.wav,6.04,32000,1,WAV,True,
XC157638,XC157638.wav,31.71,32000,1,WAV,True,
XC157666,XC157666.wav,105.92,32000,1,WAV,True,
XC157677,XC157677.wav,25.08,32000,1,WAV,True,
XC157759,XC157759.wav,76.22,32000,1,WAV,True,
XC157776,XC157776.wav,63.78,32000,1,WAV,True,
XC157777,XC157777.wav,43.68,32000,1,WAV,True,
XC157778,XC157778.wav,4.86,32000,1,WAV,True,
XC157779,XC157779.wav,8.77,32000,1,WAV,True,
XC157888,XC157888.wav,6.32,32000,1,WAV,True,
XC157890,XC157890.wav,55.1,32000,1,WAV,True,
XC158380,XC158380.wav,19.99,32000,1,WAV,True,
XC158384,XC158384.wav,43.94,32000,1,WAV,True,
XC158401,XC158401.wav,17.93,32000,1,WAV,True,
XC158415,XC158415.wav,12.91,32000,1,WAV,True,
XC158517,XC158517.wav,205.51,32000,1,WAV,True,
XC158534,XC158534.wav,2.7,32000,1,WAV,True,
XC158795,XC158795.wav,14.56,32000,1,WAV,True,
XC158797,XC158797.wav,41.03,32000,1,WAV,True,
XC158801,XC158801.wav,32.94,32000,1,WAV,True,
XC160878,XC160878.wav,91.86,32000,1,WAV,True,
XC160880,XC160880.wav,235.9,32000,1,WAV,True,
XC160904,XC160904.wav,17.41,32000,1,WAV,True,
XC160906,XC160906.wav,14.35,32000,1,WAV,True,
XC160907,XC160907.wav,41.31,32000,1,WAV,True,
XC160908,XC160908.wav,14.21,32000,1,WAV,True,
XC160910,XC160910.wav,14.66,32000,1,WAV,True,
XC160911,XC160911.wav,11.23,32000,1,WAV,True,
XC160912,XC160912.wav,146.29,32000,1,WAV,True,
XC160913,XC160913.wav,41.04,32000,1,WAV,True,
XC160914,XC160914.wav,19.47,32000,1,WAV,True,
XC160915,XC160915.wav,5.98,32000,1,WAV,True,
XC160917,XC160917.wav,5.31,32000,1,WAV,True,
XC160978,XC160978.wav,6.58,32000,1,WAV,True,
XC160983,XC160983.wav,91.15,32000,1,WAV,True,
XC160984,XC160984.wav,216.5,32000,1,WAV,True,
XC160985,XC160985.wav,28.53,32000,1,WAV,True,
XC160987,XC160987.wav,42.35,32000,1,WAV,True,
XC16111,XC16111.wav,7.09,32000,1,WAV,True,
XC161152,XC161152.wav,9.32,32000,1,WAV,True,
XC161897,XC161897.wav,75.02,32000,1,WAV,True,
XC162091,XC162091.wav,46.35,32000,1,WAV,True,
XC162851,XC162851.wav,17.3,32000,1,WAV,True,
XC16305,XC16305.wav,12.32,32000,1,WAV,True,
XC163060,XC163060.wav,4.34,32000,1,WAV,True,
XC163061,XC163061.wav,5.25,32000,1,WAV,True,
XC163062,XC163062.wav,5.98,32000,1,WAV,True,
XC163063,XC163063.wav,39.92,32000,1,WAV,True,
XC163064,XC163064.wav,23.46,32000,1,WAV,True,
XC163065,XC163065.wav,24.56,32000,1,WAV,True,
XC163066,XC163066.wav,14.38,32000,1,WAV,True,
XC163067,XC163067.wav,35.5,32000,1,WAV,True,
XC163068,XC163068.wav,21.54,32000,1,WAV,True,
XC163209,XC163209.wav,42.21,32000,1,WAV,True,
XC163210,XC163210.wav,56.69,32000,1,WAV,True,
XC163612,XC163612.wav,31.01,32000,1,WAV,True,
XC163633,XC163633.wav,13.39,32000,1,WAV,True,
XC163684,XC163684.wav,12.83,32000,1,WAV,True,
XC163734,XC163734.wav,7.64,32000,1,WAV,True,
XC163751,XC163751.wav,44.06,32000,1,WAV,True,
XC163942,XC163942.wav,20.03,32000,1,WAV,True,
XC164259,XC164259.wav,53.76,32000,1,WAV,True,
XC164549,XC164549.wav,39.15,32000,1,WAV,True,
XC164729,XC164729.wav,40.88,32000,1,WAV,True,
XC164791,XC164791.wav,82.29,32000,1,WAV,True,
XC165034,XC165034.wav,34.85,32000,1,WAV,True,
XC165267,XC165267.wav,5.23,32000,1,WAV,True,
XC165272,XC165272.wav,207.44,32000,1,WAV,True,
XC165280,XC165280.wav,12.74,32000,1,WAV,True,
XC165284,XC165284.wav,48.37,32000,1,WAV,True,
XC165285,XC165285.wav,64.75,32000,1,WAV,True,
XC165291,XC165291.wav,50.16,32000,1,WAV,True,
XC165292,XC165292.wav,29.73,32000,1,WAV,True,
XC165294,XC165294.wav,102.48,32000,1,WAV,True,
XC165295,XC165295.wav,74.43,32000,1,WAV,True,
XC165298,XC165298.wav,3.22,32000,1,WAV,True,
XC165299,XC165299.wav,3.25,32000,1,WAV,True,
XC165300,XC165300.wav,3.92,32000,1,WAV,True,
XC165302,XC165302.wav,4.5,32000,1,WAV,True,
XC165303,XC165303.wav,101.89,32000,1,WAV,True,
XC165304,XC165304.wav,201.66,32000,1,WAV,True,
XC165314,XC165314.wav,2.64,32000,1,WAV,True,
XC165317,XC165317.wav,10.75,32000,1,WAV,True,
XC165319,XC165319.wav,88.86,32000,1,WAV,True,
XC165320,XC165320.wav,48.72,32000,1,WAV,True,
XC165321,XC165321.wav,48.32,32000,1,WAV,True,
XC165322,XC165322.wav,32.59,32000,1,WAV,True,
XC165323,XC165323.wav,20.27,32000,1,WAV,True,
XC165324,XC165324.wav,54.16,32000,1,WAV,True,
XC165325,XC165325.wav,7.87,32000,1,WAV,True,
XC165450,XC165450.wav,150.02,32000,1,WAV,True,
XC165566,XC165566.wav,16.96,32000,1,WAV,True,
XC165672,XC165672.wav,9.59,32000,1,WAV,True,
XC166076,XC166076.wav,21.81,32000,1,WAV,True,
XC166083,XC166083.wav,7.98,32000,1,WAV,True,
XC166084,XC166084.wav,5.97,32000,1,WAV,True,
XC166085,XC166085.wav,15.25,32000,1,WAV,True,
XC166220,XC166220.wav,2.12,32000,1,WAV,True,
XC166398,XC166398.wav,23.92,32000,1,WAV,True,
XC166419,XC166419.wav,18.46,32000,1,WAV,True,
XC166584,XC166584.wav,11.26,32000,1,WAV,True,
XC167153,XC167153.wav,327.15,32000,1,WAV,True,
XC167210,XC167210.wav,9.89,32000,1,WAV,True,
XC167212,XC167212.wav,31.84,32000,1,WAV,True,
XC167605,XC167605.wav,45.76,32000,1,WAV,True,
XC167606,XC167606.wav,24.22,32000,1,WAV,True,
XC167609,XC167609.wav,18.94,32000,1,WAV,True,
XC167611,XC167611.wav,16.33,32000,1,WAV,True,
XC167789,XC167789.wav,54.66,32000,1,WAV,True,
XC167791,XC167791.wav,56.05,32000,1,WAV,True,
XC167792,XC167792.wav,137.26,32000,1,WAV,True,
XC167793,XC167793.wav,56.99,32000,1,WAV,True,
XC167817,XC167817.wav,406.59,32000,1,WAV,True,
XC167818,XC167818.wav,21.34,32000,1,WAV,True,
XC167819,XC167819.wav,47.06,32000,1,WAV,True,
XC167820,XC167820.wav,69.74,32000,1,WAV,True,
XC167821,XC167821.wav,58.77,32000,1,WAV,True,
XC167900,XC167900.wav,168.21,32000,1,WAV,True,
XC167901,XC167901.wav,11.73,32000,1,WAV,True,
XC167902,XC167902.wav,36.96,32000,1,WAV,True,
XC167903,XC167903.wav,46.91,32000,1,WAV,True,
XC167904,XC167904.wav,90.56,32000,1,WAV,True,
XC167952,XC167952.wav,18.72,32000,1,WAV,True,
XC167970,XC167970.wav,24.11,32000,1,WAV,True,
XC168080,XC168080.wav,57.82,32000,1,WAV,True,
XC168081,XC168081.wav,43.13,32000,1,WAV,True,
XC168082,XC168082.wav,8.75,32000,1,WAV,True,
XC168092,XC168092.wav,7.34,32000,1,WAV,True,
XC168094,XC168094.wav,9.57,32000,1,WAV,True,
XC168397,XC168397.wav,108.99,32000,1,WAV,True,
XC168573,XC168573.wav,7.68,32000,1,WAV,True,
XC168584,XC168584.wav,23.5,32000,1,WAV,True,
XC168609,XC168609.wav,3.25,32000,1,WAV,True,
XC168751,XC168751.wav,9.0,32000,1,WAV,True,
XC168752,XC168752.wav,26.24,32000,1,WAV,True,
XC168753,XC168753.wav,47.26,32000,1,WAV,True,
XC168795,XC168795.wav,19.95,32000,1,WAV,True,
XC168796,XC168796.wav,6.59,32000,1,WAV,True,
XC168876,XC168876.wav,144.56,32000,1,WAV,True,
XC168882,XC168882.wav,8.64,32000,1,WAV,True,
XC16891,XC16891.wav,9.41,32000,1,WAV,True,
XC16892,XC16892.wav,17.47,32000,1,WAV,True,
XC16893,XC16893.wav,32.4,32000,1,WAV,True,
XC168958,XC168958.wav,36.27,32000,1,WAV,True,
XC16897,XC16897.wav,9.41,32000,1,WAV,True,
XC16900,XC16900.wav,21.87,32000,1,WAV,True,
XC169069,XC169069.wav,33.62,32000,1,WAV,True,
XC16908,XC16908.wav,22.2,32000,1,WAV,True,
XC169080,XC169080.wav,51.84,32000,1,WAV,True,
XC169081,XC169081.wav,19.02,32000,1,WAV,True,
XC169082,XC169082.wav,32.34,32000,1,WAV,True,
XC169083,XC169083.wav,92.61,32000,1,WAV,True,
XC169084,XC169084.wav,13.15,32000,1,WAV,True,
XC169085,XC169085.wav,85.23,32000,1,WAV,True,
XC169137,XC169137.wav,27.89,32000,1,WAV,True,
XC169144,XC169144.wav,41.04,32000,1,WAV,True,
XC169145,XC169145.wav,119.44,32000,1,WAV,True,
XC169146,XC169146.wav,10.72,32000,1,WAV,True,
XC169151,XC169151.wav,79.07,32000,1,WAV,True,
XC169152,XC169152.wav,123.09,32000,1,WAV,True,
XC16917,XC16917.wav,20.05,32000,1,WAV,True,
XC16924,XC16924.wav,2.9,32000,1,WAV,True,
XC16925,XC16925.wav,3.47,32000,1,WAV,True,
XC169404,XC169404.wav,25.09,32000,1,WAV,True,
XC169443,XC169443.wav,26.72,32000,1,WAV,True,
XC169596,XC169596.wav,29.37,32000,1,WAV,True,
XC169597,XC169597.wav,62.85,32000,1,WAV,True,
XC16967,XC16967.wav,23.82,32000,1,WAV,True,
XC16971,XC16971.wav,13.72,32000,1,WAV,True,
XC169752,XC169752.wav,62.66,32000,1,WAV,True,
XC16991,XC16991.wav,41.5,32000,1,WAV,True,
XC16992,XC16992.wav,11.17,32000,1,WAV,True,
XC170063,XC170063.wav,3.46,32000,1,WAV,True,
XC170238,XC170238.wav,20.43,32000,1,WAV,True,
XC170239,XC170239.wav,18.73,32000,1,WAV,True,
XC170393,XC170393.wav,32.18,32000,1,WAV,True,
XC170415,XC170415.wav,29.8,32000,1,WAV,True,
XC170783,XC170783.wav,7.66,32000,1,WAV,True,
XC170895,XC170895.wav,1.31,32000,1,WAV,True,
XC17094,XC17094.wav,5.2,32000,1,WAV,True,
XC170982,XC170982.wav,35.3,32000,1,WAV,True,
XC170983,XC170983.wav,62.75,32000,1,WAV,True,
XC170984,XC170984.wav,56.07,32000,1,WAV,True,
XC170985,XC170985.wav,29.98,32000,1,WAV,True,
XC170988,XC170988.wav,44.25,32000,1,WAV,True,
XC17100,XC17100.wav,0.59,32000,1,WAV,True,
XC17105,XC17105.wav,19.93,32000,1,WAV,True,
XC171092,XC171092.wav,29.09,32000,1,WAV,True,
XC171094,XC171094.wav,26.69,32000,1,WAV,True,
XC17120,XC17120.wav,38.19,32000,1,WAV,True,
XC171555,XC171555.wav,25.33,32000,1,WAV,True,
XC171727,XC171727.wav,7.86,32000,1,WAV,True,
XC171844,XC171844.wav,88.97,32000,1,WAV,True,
XC171991,XC171991.wav,161.29,32000,1,WAV,True,
XC171994,XC171994.wav,52.67,32000,1,WAV,True,
XC171997,XC171997.wav,112.14,32000,1,WAV,True,
XC172405,XC172405.wav,62.59,32000,1,WAV,True,
XC172420,XC172420.wav,7.53,32000,1,WAV,True,
XC172423,XC172423.wav,52.7,32000,1,WAV,True,
XC172427,XC172427.wav,45.98,32000,1,WAV,True,
XC172486,XC172486.wav,13.34,32000,1,WAV,True,
XC172487,XC172487.wav,50.57,32000,1,WAV,True,
XC172656,XC172656.wav,82.43,32000,1,WAV,True,
XC172751,XC172751.wav,47.06,32000,1,WAV,True,
XC172752,XC172752.wav,42.66,32000,1,WAV,True,
XC172821,XC172821.wav,29.09,32000,1,WAV,True,
XC172859,XC172859.wav,9.76,32000,1,WAV,True,
XC172860,XC172860.wav,13.68,32000,1,WAV,True,
XC172875,XC172875.wav,23.34,32000,1,WAV,True,
XC172878,XC172878.wav,7.2,32000,1,WAV,True,
XC172881,XC172881.wav,3.44,32000,1,WAV,True,
XC172882,XC172882.wav,4.66,32000,1,WAV,True,
XC172886,XC172886.wav,36.16,32000,1,WAV,True,
XC172887,XC172887.wav,10.78,32000,1,WAV,True,
XC172888,XC172888.wav,24.88,32000,1,WAV,True,
XC172889,XC172889.wav,10.0,32000,1,WAV,True,
XC172890,XC172890.wav,16.29,32000,1,WAV,True,
XC172892,XC172892.wav,5.9,32000,1,WAV,True,
XC172893,XC172893.wav,2.85,32000,1,WAV,True,
XC172900,XC172900.wav,147.12,32000,1,WAV,True,
XC172902,XC172902.wav,32.61,32000,1,WAV,True,
XC172914,XC172914.wav,40.82,32000,1,WAV,True,
XC172915,XC172915.wav,242.46,32000,1,WAV,True,
XC172916,XC172916.wav,27.94,32000,1,WAV,True,
XC172917,XC172917.wav,127.94,32000,1,WAV,True,
XC172919,XC172919.wav,5.47,32000,1,WAV,True,
XC172920,XC172920.wav,4.88,32000,1,WAV,True,
XC172922,XC172922.wav,66.19,32000,1,WAV,True,
XC172934,XC172934.wav,24.16,32000,1,WAV,True,
XC172935,XC172935.wav,3.66,32000,1,WAV,True,
XC172936,XC172936.wav,140.9,32000,1,WAV,True,
XC172937,XC172937.wav,83.33,32000,1,WAV,True,
XC172939,XC172939.wav,103.3,32000,1,WAV,True,
XC172956,XC172956.wav,27.52,32000,1,WAV,True,
XC172960,XC172960.wav,106.59,32000,1,WAV,True,
XC172962,XC172962.wav,52.7,32000,1,WAV,True,
XC172966,XC172966.wav,118.13,32000,1,WAV,True,
XC172971,XC172971.wav,93.33,32000,1,WAV,True,
XC172978,XC172978.wav,102.86,32000,1,WAV,True,
XC173148,XC173148.wav,56.43,32000,1,WAV,True,
XC173150,XC173150.wav,131.94,32000,1,WAV,True,
XC173153,XC173153.wav,62.62,32000,1,WAV,True,
XC173154,XC173154.wav,55.02,32000,1,WAV,True,
XC173172,XC173172.wav,65.63,32000,1,WAV,True,
XC173184,XC173184.wav,95.9,32000,1,WAV,True,
XC173254,XC173254.wav,57.58,32000,1,WAV,True,
XC173257,XC173257.wav,143.23,32000,1,WAV,True,
XC173260,XC173260.wav,38.53,32000,1,WAV,True,
XC173261,XC173261.wav,18.77,32000,1,WAV,True,
XC173263,XC173263.wav,15.76,32000,1,WAV,True,
XC173264,XC173264.wav,14.19,32000,1,WAV,True,
XC173265,XC173265.wav,146.74,32000,1,WAV,True,
XC173267,XC173267.wav,11.42,32000,1,WAV,True,
XC173268,XC173268.wav,192.42,32000,1,WAV,True,
XC173282,XC173282.wav,570.7,32000,1,WAV,True,
XC173283,XC173283.wav,39.89,32000,1,WAV,True,
XC173306,XC173306.wav,82.88,32000,1,WAV,True,
XC173312,XC173312.wav,12.72,32000,1,WAV,True,
XC173313,XC173313.wav,9.18,32000,1,WAV,True,
XC173315,XC173315.wav,4.74,32000,1,WAV,True,
XC173319,XC173319.wav,23.6,32000,1,WAV,True,
XC173321,XC173321.wav,56.24,32000,1,WAV,True,
XC173322,XC173322.wav,5.38,32000,1,WAV,True,
XC173361,XC173361.wav,135.15,32000,1,WAV,True,
XC174510,XC174510.wav,107.86,32000,1,WAV,True,
XC174538,XC174538.wav,108.2,32000,1,WAV,True,
XC174834,XC174834.wav,63.52,32000,1,WAV,True,
XC174837,XC174837.wav,11.21,32000,1,WAV,True,
XC174839,XC174839.wav,43.1,32000,1,WAV,True,
XC174869,XC174869.wav,29.1,32000,1,WAV,True,
XC174959,XC174959.wav,4.86,32000,1,WAV,True,
XC175038,XC175038.wav,79.69,32000,1,WAV,True,
XC175039,XC175039.wav,60.46,32000,1,WAV,True,
XC175222,XC175222.wav,81.14,32000,1,WAV,True,
XC175223,XC175223.wav,12.74,32000,1,WAV,True,
XC175228,XC175228.wav,22.91,32000,1,WAV,True,
XC175254,XC175254.wav,45.17,32000,1,WAV,True,
XC175364,XC175364.wav,34.48,32000,1,WAV,True,
XC175373,XC175373.wav,20.21,32000,1,WAV,True,
XC175374,XC175374.wav,12.16,32000,1,WAV,True,
XC175534,XC175534.wav,9.8,32000,1,WAV,True,
XC175541,XC175541.wav,45.37,32000,1,WAV,True,
XC175542,XC175542.wav,80.61,32000,1,WAV,True,
XC175543,XC175543.wav,75.38,32000,1,WAV,True,
XC175547,XC175547.wav,14.11,32000,1,WAV,True,
XC175548,XC175548.wav,33.46,32000,1,WAV,True,
XC175993,XC175993.wav,12.99,32000,1,WAV,True,
XC176255,XC176255.wav,19.35,32000,1,WAV,True,
XC176256,XC176256.wav,22.32,32000,1,WAV,True,
XC176358,XC176358.wav,41.22,32000,1,WAV,True,
XC176368,XC176368.wav,63.71,32000,1,WAV,True,
XC176993,XC176993.wav,26.43,32000,1,WAV,True,
XC177037,XC177037.wav,18.42,32000,1,WAV,True,
XC177042,XC177042.wav,15.71,32000,1,WAV,True,
XC177043,XC177043.wav,20.19,32000,1,WAV,True,
XC177047,XC177047.wav,25.06,32000,1,WAV,True,
XC177048,XC177048.wav,33.38,32000,1,WAV,True,
XC177049,XC177049.wav,70.24,32000,1,WAV,True,
XC177050,XC177050.wav,14.57,32000,1,WAV,True,
XC177052,XC177052.wav,38.85,32000,1,WAV,True,
XC177054,XC177054.wav,53.12,32000,1,WAV,True,
XC177057,XC177057.wav,14.17,32000,1,WAV,True,
XC177083,XC177083.wav,65.57,32000,1,WAV,True,
XC177084,XC177084.wav,14.79,32000,1,WAV,True,
XC177087,XC177087.wav,13.79,32000,1,WAV,True,
XC177088,XC177088.wav,13.28,32000,1,WAV,True,
XC177089,XC177089.wav,41.41,32000,1,WAV,True,
XC177098,XC177098.wav,12.36,32000,1,WAV,True,
XC177152,XC177152.wav,101.75,32000,1,WAV,True,
XC177172,XC177172.wav,19.44,32000,1,WAV,True,
XC177185,XC177185.wav,297.49,32000,1,WAV,True,
XC177187,XC177187.wav,215.23,32000,1,WAV,True,
XC177188,XC177188.wav,4.22,32000,1,WAV,True,
XC177191,XC177191.wav,101.01,32000,1,WAV,True,
XC177192,XC177192.wav,22.77,32000,1,WAV,True,
XC177193,XC177193.wav,170.21,32000,1,WAV,True,
XC177222,XC177222.wav,31.76,32000,1,WAV,True,
XC177224,XC177224.wav,20.4,32000,1,WAV,True,
XC177225,XC177225.wav,28.32,32000,1,WAV,True,
XC177226,XC177226.wav,49.49,32000,1,WAV,True,
XC177259,XC177259.wav,40.22,32000,1,WAV,True,
XC177260,XC177260.wav,121.68,32000,1,WAV,True,
XC177261,XC177261.wav,27.3,32000,1,WAV,True,
XC177262,XC177262.wav,26.54,32000,1,WAV,True,
XC177352,XC177352.wav,0.55,32000,1,WAV,True,
XC177358,XC177358.wav,90.64,32000,1,WAV,True,
XC177379,XC177379.wav,39.52,32000,1,WAV,True,
XC177382,XC177382.wav,20.54,32000,1,WAV,True,
XC177384,XC177384.wav,49.84,32000,1,WAV,True,
XC177471,XC177471.wav,244.11,32000,1,WAV,True,
XC177472,XC177472.wav,57.9,32000,1,WAV,True,
XC177477,XC177477.wav,27.38,32000,1,WAV,True,
XC177480,XC177480.wav,35.36,32000,1,WAV,True,
XC177486,XC177486.wav,44.71,32000,1,WAV,True,
XC177836,XC177836.wav,150.97,32000,1,WAV,True,
XC177839,XC177839.wav,22.03,32000,1,WAV,True,
XC178008,XC178008.wav,7.06,32000,1,WAV,True,
XC178015,XC178015.wav,94.45,32000,1,WAV,True,
XC178016,XC178016.wav,100.72,32000,1,WAV,True,
XC178041,XC178041.wav,94.94,32000,1,WAV,True,
XC178042,XC178042.wav,97.75,32000,1,WAV,True,
XC178046,XC178046.wav,16.02,32000,1,WAV,True,
XC178129,XC178129.wav,42.78,32000,1,WAV,True,
XC178138,XC178138.wav,24.74,32000,1,WAV,True,
XC178244,XC178244.wav,51.22,32000,1,WAV,True,
XC178310,XC178310.wav,12.16,32000,1,WAV,True,
XC178317,XC178317.wav,17.66,32000,1,WAV,True,
XC178322,XC178322.wav,33.08,32000,1,WAV,True,
XC178480,XC178480.wav,13.9,32000,1,WAV,True,
XC178481,XC178481.wav,17.26,32000,1,WAV,True,
XC178485,XC178485.wav,31.19,32000,1,WAV,True,
XC178528,XC178528.wav,224.96,32000,1,WAV,True,
XC178552,XC178552.wav,13.89,32000,1,WAV,True,
XC178674,XC178674.wav,17.57,32000,1,WAV,True,
XC178760,XC178760.wav,7.82,32000,1,WAV,True,
XC178761,XC178761.wav,30.41,32000,1,WAV,True,
XC178762,XC178762.wav,79.47,32000,1,WAV,True,
XC178778,XC178778.wav,95.81,32000,1,WAV,True,
XC178779,XC178779.wav,96.13,32000,1,WAV,True,
XC178840,XC178840.wav,248.12,32000,1,WAV,True,
XC178886,XC178886.wav,40.91,32000,1,WAV,True,
XC179043,XC179043.wav,10.42,32000,1,WAV,True,
XC179064,XC179064.wav,46.0,32000,1,WAV,True,
XC179074,XC179074.wav,22.16,32000,1,WAV,True,
XC179086,XC179086.wav,107.94,32000,1,WAV,True,
XC179092,XC179092.wav,8.13,32000,1,WAV,True,
XC179095,XC179095.wav,69.86,32000,1,WAV,True,
XC179124,XC179124.wav,180.43,32000,1,WAV,True,
XC179175,XC179175.wav,15.94,32000,1,WAV,True,
XC179178,XC179178.wav,10.94,32000,1,WAV,True,
XC179185,XC179185.wav,54.61,32000,1,WAV,True,
XC179188,XC179188.wav,41.12,32000,1,WAV,True,
XC179304,XC179304.wav,30.94,32000,1,WAV,True,
XC179305,XC179305.wav,24.67,32000,1,WAV,True,
XC179362,XC179362.wav,55.37,32000,1,WAV,True,
XC179417,XC179417.wav,12.91,32000,1,WAV,True,
XC179466,XC179466.wav,28.03,32000,1,WAV,True,
XC179489,XC179489.wav,17.06,32000,1,WAV,True,
XC179578,XC179578.wav,6.32,32000,1,WAV,True,
XC179600,XC179600.wav,39.78,32000,1,WAV,True,
XC179630,XC179630.wav,9.26,32000,1,WAV,True,
XC179631,XC179631.wav,32.11,32000,1,WAV,True,
XC179632,XC179632.wav,53.62,32000,1,WAV,True,
XC179643,XC179643.wav,19.14,32000,1,WAV,True,
XC179661,XC179661.wav,37.44,32000,1,WAV,True,
XC179673,XC179673.wav,73.67,32000,1,WAV,True,
XC179708,XC179708.wav,34.99,32000,1,WAV,True,
XC179713,XC179713.wav,67.82,32000,1,WAV,True,
XC179717,XC179717.wav,36.45,32000,1,WAV,True,
XC179727,XC179727.wav,26.54,32000,1,WAV,True,
XC179730,XC179730.wav,132.19,32000,1,WAV,True,
XC179792,XC179792.wav,40.1,32000,1,WAV,True,
XC179806,XC179806.wav,29.02,32000,1,WAV,True,
XC179810,XC179810.wav,32.35,32000,1,WAV,True,
XC179812,XC179812.wav,13.7,32000,1,WAV,True,
XC179829,XC179829.wav,93.96,32000,1,WAV,True,
XC179830,XC179830.wav,63.48,32000,1,WAV,True,
XC179841,XC179841.wav,6.34,32000,1,WAV,True,
XC179845,XC179845.wav,8.53,32000,1,WAV,True,
XC179912,XC179912.wav,12.59,32000,1,WAV,True,
XC179959,XC179959.wav,60.56,32000,1,WAV,True,
XC179960,XC179960.wav,18.42,32000,1,WAV,True,
XC179961,XC179961.wav,21.6,32000,1,WAV,True,
XC179962,XC179962.wav,80.66,32000,1,WAV,True,
XC180072,XC180072.wav,63.49,32000,1,WAV,True,
XC180074,XC180074.wav,29.34,32000,1,WAV,True,
XC180075,XC180075.wav,30.58,32000,1,WAV,True,
XC180077,XC180077.wav,127.06,32000,1,WAV,True,
XC180081,XC180081.wav,98.37,32000,1,WAV,True,
XC180091,XC180091.wav,85.98,32000,1,WAV,True,
XC180092,XC180092.wav,114.14,32000,1,WAV,True,
XC180093,XC180093.wav,4.15,32000,1,WAV,True,
XC180230,XC180230.wav,17.69,32000,1,WAV,True,
XC180259,XC180259.wav,23.22,32000,1,WAV,True,
XC180666,XC180666.wav,42.92,32000,1,WAV,True,
XC180679,XC180679.wav,48.07,32000,1,WAV,True,
XC181121,XC181121.wav,13.51,32000,1,WAV,True,
XC181184,XC181184.wav,5.42,32000,1,WAV,True,
XC181382,XC181382.wav,48.59,32000,1,WAV,True,
XC181408,XC181408.wav,13.68,32000,1,WAV,True,
XC181417,XC181417.wav,8.4,32000,1,WAV,True,
XC181473,XC181473.wav,15.66,32000,1,WAV,True,
XC181474,XC181474.wav,33.49,32000,1,WAV,True,
XC181479,XC181479.wav,54.38,32000,1,WAV,True,
XC181482,XC181482.wav,16.46,32000,1,WAV,True,
XC181484,XC181484.wav,20.4,32000,1,WAV,True,
XC181497,XC181497.wav,36.75,32000,1,WAV,True,
XC181621,XC181621.wav,31.9,32000,1,WAV,True,
XC181640,XC181640.wav,75.9,32000,1,WAV,True,
XC181749,XC181749.wav,57.01,32000,1,WAV,True,
XC181750,XC181750.wav,29.04,32000,1,WAV,True,
XC181751,XC181751.wav,12.64,32000,1,WAV,True,
XC181752,XC181752.wav,40.74,32000,1,WAV,True,
XC181785,XC181785.wav,12.78,32000,1,WAV,True,
XC181956,XC181956.wav,109.16,32000,1,WAV,True,
XC182069,XC182069.wav,73.46,32000,1,WAV,True,
XC182071,XC182071.wav,38.45,32000,1,WAV,True,
XC182073,XC182073.wav,95.21,32000,1,WAV,True,
XC182078,XC182078.wav,129.7,32000,1,WAV,True,
XC182150,XC182150.wav,3.6,32000,1,WAV,True,
XC182168,XC182168.wav,9.14,32000,1,WAV,True,
XC182171,XC182171.wav,28.78,32000,1,WAV,True,
XC182406,XC182406.wav,10.06,32000,1,WAV,True,
XC182422,XC182422.wav,91.53,32000,1,WAV,True,
XC182546,XC182546.wav,100.21,32000,1,WAV,True,
XC182674,XC182674.wav,18.9,32000,1,WAV,True,
XC182675,XC182675.wav,48.42,32000,1,WAV,True,
XC182677,XC182677.wav,6.67,32000,1,WAV,True,
XC182680,XC182680.wav,67.17,32000,1,WAV,True,
XC182683,XC182683.wav,14.88,32000,1,WAV,True,
XC182689,XC182689.wav,18.93,32000,1,WAV,True,
XC182735,XC182735.wav,73.15,32000,1,WAV,True,
XC183136,XC183136.wav,35.65,32000,1,WAV,True,
XC183138,XC183138.wav,102.02,32000,1,WAV,True,
XC183235,XC183235.wav,13.58,32000,1,WAV,True,
XC183280,XC183280.wav,3.19,32000,1,WAV,True,
XC183334,XC183334.wav,3.73,32000,1,WAV,True,
XC183352,XC183352.wav,17.76,32000,1,WAV,True,
XC183357,XC183357.wav,93.57,32000,1,WAV,True,
XC183408,XC183408.wav,12.59,32000,1,WAV,True,
XC183576,XC183576.wav,78.93,32000,1,WAV,True,
XC183580,XC183580.wav,17.28,32000,1,WAV,True,
XC183590,XC183590.wav,61.42,32000,1,WAV,True,
XC183621,XC183621.wav,9.62,32000,1,WAV,True,
XC183675,XC183675.wav,39.3,32000,1,WAV,True,
XC183801,XC183801.wav,10.02,32000,1,WAV,True,
XC183802,XC183802.wav,4.97,32000,1,WAV,True,
XC184213,XC184213.wav,33.89,32000,1,WAV,True,
XC184306,XC184306.wav,33.16,32000,1,WAV,True,
XC184443,XC184443.wav,12.2,32000,1,WAV,True,
XC184444,XC184444.wav,8.27,32000,1,WAV,True,
XC184445,XC184445.wav,33.11,32000,1,WAV,True,
XC184458,XC184458.wav,114.11,32000,1,WAV,True,
XC184471,XC184471.wav,50.86,32000,1,WAV,True,
XC184516,XC184516.wav,4.14,32000,1,WAV,True,
XC184627,XC184627.wav,11.44,32000,1,WAV,True,
XC184645,XC184645.wav,36.5,32000,1,WAV,True,
XC184648,XC184648.wav,31.67,32000,1,WAV,True,
XC184650,XC184650.wav,5.23,32000,1,WAV,True,
XC184710,XC184710.wav,63.26,32000,1,WAV,True,
XC184711,XC184711.wav,2.1,32000,1,WAV,True,
XC184876,XC184876.wav,114.66,32000,1,WAV,True,
XC184879,XC184879.wav,72.58,32000,1,WAV,True,
XC184881,XC184881.wav,42.85,32000,1,WAV,True,
XC184882,XC184882.wav,114.13,32000,1,WAV,True,
XC184962,XC184962.wav,17.42,32000,1,WAV,True,
XC184964,XC184964.wav,153.52,32000,1,WAV,True,
XC184967,XC184967.wav,19.71,32000,1,WAV,True,
XC184981,XC184981.wav,20.77,32000,1,WAV,True,
XC184982,XC184982.wav,16.51,32000,1,WAV,True,
XC184985,XC184985.wav,38.32,32000,1,WAV,True,
XC184991,XC184991.wav,121.25,32000,1,WAV,True,
XC184993,XC184993.wav,23.95,32000,1,WAV,True,
XC185115,XC185115.wav,13.82,32000,1,WAV,True,
XC185157,XC185157.wav,28.36,32000,1,WAV,True,
XC185161,XC185161.wav,22.19,32000,1,WAV,True,
XC185245,XC185245.wav,14.43,32000,1,WAV,True,
XC185324,XC185324.wav,18.62,32000,1,WAV,True,
XC185335,XC185335.wav,17.97,32000,1,WAV,True,
XC185513,XC185513.wav,25.74,32000,1,WAV,True,
XC185518,XC185518.wav,121.65,32000,1,WAV,True,
XC185521,XC185521.wav,117.59,32000,1,WAV,True,
XC185528,XC185528.wav,70.03,32000,1,WAV,True,
XC185568,XC185568.wav,26.54,32000,1,WAV,True,
XC185570,XC185570.wav,14.8,32000,1,WAV,True,
XC185620,XC185620.wav,10.85,32000,1,WAV,True,
XC185621,XC185621.wav,8.96,32000,1,WAV,True,
XC185622,XC185622.wav,15.22,32000,1,WAV,True,
XC185623,XC185623.wav,11.57,32000,1,WAV,True,
XC185624,XC185624.wav,13.33,32000,1,WAV,True,
XC185812,XC185812.wav,32.51,32000,1,WAV,True,
XC185814,XC185814.wav,41.12,32000,1,WAV,True,
XC185815,XC185815.wav,27.87,32000,1,WAV,True,
XC185817,XC185817.wav,44.88,32000,1,WAV,True,
XC185819,XC185819.wav,30.32,32000,1,WAV,True,
XC185821,XC185821.wav,3.82,32000,1,WAV,True,
XC186284,XC186284.wav,21.65,32000,1,WAV,True,
XC186306,XC186306.wav,55.82,32000,1,WAV,True,
XC186308,XC186308.wav,10.94,32000,1,WAV,True,
XC186365,XC186365.wav,14.26,32000,1,WAV,True,
XC186366,XC186366.wav,55.3,32000,1,WAV,True,
XC186367,XC186367.wav,61.86,32000,1,WAV,True,
XC186368,XC186368.wav,142.18,32000,1,WAV,True,
XC186399,XC186399.wav,155.5,32000,1,WAV,True,
XC186401,XC186401.wav,35.34,32000,1,WAV,True,
XC186652,XC186652.wav,38.05,32000,1,WAV,True,
XC186654,XC186654.wav,15.92,32000,1,WAV,True,
XC187320,XC187320.wav,9.39,32000,1,WAV,True,
XC187408,XC187408.wav,8.94,32000,1,WAV,True,
XC187409,XC187409.wav,66.1,32000,1,WAV,True,
XC187411,XC187411.wav,15.65,32000,1,WAV,True,
XC187481,XC187481.wav,26.87,32000,1,WAV,True,
XC187605,XC187605.wav,99.06,32000,1,WAV,True,
XC187606,XC187606.wav,38.88,32000,1,WAV,True,
XC187607,XC187607.wav,37.2,32000,1,WAV,True,
XC187608,XC187608.wav,105.52,32000,1,WAV,True,
XC187609,XC187609.wav,142.88,32000,1,WAV,True,
XC187634,XC187634.wav,103.18,32000,1,WAV,True,
XC187635,XC187635.wav,6.71,32000,1,WAV,True,
XC187636,XC187636.wav,41.25,32000,1,WAV,True,
XC187637,XC187637.wav,82.52,32000,1,WAV,True,
XC187659,XC187659.wav,83.4,32000,1,WAV,True,
XC187660,XC187660.wav,51.52,32000,1,WAV,True,
XC187661,XC187661.wav,48.83,32000,1,WAV,True,
XC187663,XC187663.wav,40.29,32000,1,WAV,True,
XC187665,XC187665.wav,66.32,32000,1,WAV,True,
XC187783,XC187783.wav,32.82,32000,1,WAV,True,
XC187980,XC187980.wav,18.08,32000,1,WAV,True,
XC188038,XC188038.wav,16.93,32000,1,WAV,True,
XC188112,XC188112.wav,42.7,32000,1,WAV,True,
XC188115,XC188115.wav,88.18,32000,1,WAV,True,
XC188119,XC188119.wav,42.75,32000,1,WAV,True,
XC188122,XC188122.wav,160.03,32000,1,WAV,True,
XC188123,XC188123.wav,60.74,32000,1,WAV,True,
XC188125,XC188125.wav,107.7,32000,1,WAV,True,
XC188127,XC188127.wav,97.67,32000,1,WAV,True,
XC188128,XC188128.wav,50.8,32000,1,WAV,True,
XC188130,XC188130.wav,33.57,32000,1,WAV,True,
XC188177,XC188177.wav,45.14,32000,1,WAV,True,
XC188274,XC188274.wav,27.3,32000,1,WAV,True,
XC188377,XC188377.wav,76.67,32000,1,WAV,True,
XC188430,XC188430.wav,6.19,32000,1,WAV,True,
XC188432,XC188432.wav,11.17,32000,1,WAV,True,
XC188434,XC188434.wav,39.95,32000,1,WAV,True,
XC188493,XC188493.wav,29.86,32000,1,WAV,True,
XC188494,XC188494.wav,14.24,32000,1,WAV,True,
XC188495,XC188495.wav,46.51,32000,1,WAV,True,
XC188511,XC188511.wav,58.04,32000,1,WAV,True,
XC188539,XC188539.wav,87.69,32000,1,WAV,True,
XC188542,XC188542.wav,165.03,32000,1,WAV,True,
XC188601,XC188601.wav,11.16,32000,1,WAV,True,
XC188668,XC188668.wav,34.46,32000,1,WAV,True,
XC188671,XC188671.wav,69.91,32000,1,WAV,True,
XC188782,XC188782.wav,10.66,32000,1,WAV,True,
XC188783,XC188783.wav,23.54,32000,1,WAV,True,
XC188784,XC188784.wav,25.07,32000,1,WAV,True,
XC188785,XC188785.wav,21.04,32000,1,WAV,True,
XC188788,XC188788.wav,62.37,32000,1,WAV,True,
XC188813,XC188813.wav,55.73,32000,1,WAV,True,
XC188842,XC188842.wav,73.52,32000,1,WAV,True,
XC188905,XC188905.wav,165.23,32000,1,WAV,True,
XC189042,XC189042.wav,19.2,32000,1,WAV,True,
XC189043,XC189043.wav,42.63,32000,1,WAV,True,
XC189044,XC189044.wav,130.02,32000,1,WAV,True,
XC189045,XC189045.wav,69.51,32000,1,WAV,True,
XC189057,XC189057.wav,73.22,32000,1,WAV,True,
XC189058,XC189058.wav,12.27,32000,1,WAV,True,
XC189079,XC189079.wav,21.82,32000,1,WAV,True,
XC189262,XC189262.wav,31.76,32000,1,WAV,True,
XC189263,XC189263.wav,59.25,32000,1,WAV,True,
XC189264,XC189264.wav,78.04,32000,1,WAV,True,
XC189265,XC189265.wav,57.6,32000,1,WAV,True,
XC189266,XC189266.wav,188.35,32000,1,WAV,True,
XC189267,XC189267.wav,59.22,32000,1,WAV,True,
XC189268,XC189268.wav,12.69,32000,1,WAV,True,
XC189269,XC189269.wav,206.69,32000,1,WAV,True,
XC189413,XC189413.wav,51.14,32000,1,WAV,True,
XC189414,XC189414.wav,119.97,32000,1,WAV,True,
XC189589,XC189589.wav,46.96,32000,1,WAV,True,
XC189590,XC189590.wav,141.92,32000,1,WAV,True,
XC189592,XC189592.wav,5.63,32000,1,WAV,True,
XC189630,XC189630.wav,78.72,32000,1,WAV,True,
XC189808,XC189808.wav,39.39,32000,1,WAV,True,
XC189951,XC189951.wav,11.06,32000,1,WAV,True,
XC189956,XC189956.wav,19.41,32000,1,WAV,True,
XC189972,XC189972.wav,51.9,32000,1,WAV,True,
XC189973,XC189973.wav,90.67,32000,1,WAV,True,
XC190058,XC190058.wav,55.98,32000,1,WAV,True,
XC190059,XC190059.wav,93.25,32000,1,WAV,True,
XC190060,XC190060.wav,108.75,32000,1,WAV,True,
XC190061,XC190061.wav,7.01,32000,1,WAV,True,
XC190250,XC190250.wav,1.78,32000,1,WAV,True,
XC190292,XC190292.wav,18.13,32000,1,WAV,True,
XC190659,XC190659.wav,11.78,32000,1,WAV,True,
XC190912,XC190912.wav,128.1,32000,1,WAV,True,
XC190933,XC190933.wav,38.03,32000,1,WAV,True,
XC190934,XC190934.wav,11.46,32000,1,WAV,True,
XC190935,XC190935.wav,26.56,32000,1,WAV,True,
XC190938,XC190938.wav,14.0,32000,1,WAV,True,
XC190939,XC190939.wav,54.18,32000,1,WAV,True,
XC190940,XC190940.wav,22.32,32000,1,WAV,True,
XC190956,XC190956.wav,92.91,32000,1,WAV,True,
XC190957,XC190957.wav,123.86,32000,1,WAV,True,
XC190958,XC190958.wav,160.46,32000,1,WAV,True,
XC190959,XC190959.wav,143.07,32000,1,WAV,True,
XC190960,XC190960.wav,133.92,32000,1,WAV,True,
XC191024,XC191024.wav,8.59,32000,1,WAV,True,
XC191025,XC191025.wav,8.48,32000,1,WAV,True,
XC191378,XC191378.wav,19.85,32000,1,WAV,True,
XC191379,XC191379.wav,24.13,32000,1,WAV,True,
XC191488,XC191488.wav,5.63,32000,1,WAV,True,
XC191543,XC191543.wav,12.34,32000,1,WAV,True,
XC191550,XC191550.wav,60.56,32000,1,WAV,True,
XC191952,XC191952.wav,50.56,32000,1,WAV,True,
XC191954,XC191954.wav,261.46,32000,1,WAV,True,
XC191961,XC191961.wav,12.45,32000,1,WAV,True,
XC191962,XC191962.wav,30.75,32000,1,WAV,True,
XC191963,XC191963.wav,31.9,32000,1,WAV,True,
XC191980,XC191980.wav,313.27,32000,1,WAV,True,
XC191982,XC191982.wav,5.0,32000,1,WAV,True,
XC192011,XC192011.wav,17.28,32000,1,WAV,True,
XC192013,XC192013.wav,33.68,32000,1,WAV,True,
XC192016,XC192016.wav,90.4,32000,1,WAV,True,
XC192018,XC192018.wav,54.74,32000,1,WAV,True,
XC192051,XC192051.wav,44.77,32000,1,WAV,True,
XC192052,XC192052.wav,40.58,32000,1,WAV,True,
XC192053,XC192053.wav,6.51,32000,1,WAV,True,
XC192054,XC192054.wav,24.93,32000,1,WAV,True,
XC192055,XC192055.wav,53.26,32000,1,WAV,True,
XC192056,XC192056.wav,45.26,32000,1,WAV,True,
XC192057,XC192057.wav,17.18,32000,1,WAV,True,
XC192059,XC192059.wav,65.65,32000,1,WAV,True,
XC192060,XC192060.wav,110.48,32000,1,WAV,True,
XC192061,XC192061.wav,65.47,32000,1,WAV,True,
XC192078,XC192078.wav,34.5,32000,1,WAV,True,
XC192082,XC192082.wav,56.29,32000,1,WAV,True,
XC192083,XC192083.wav,8.67,32000,1,WAV,True,
XC192099,XC192099.wav,74.05,32000,1,WAV,True,
XC192236,XC192236.wav,16.08,32000,1,WAV,True,
XC192248,XC192248.wav,106.76,32000,1,WAV,True,
XC192487,XC192487.wav,35.12,32000,1,WAV,True,
XC192488,XC192488.wav,13.87,32000,1,WAV,True,
XC192492,XC192492.wav,88.8,32000,1,WAV,True,
XC193110,XC193110.wav,82.78,32000,1,WAV,True,
XC193111,XC193111.wav,31.71,32000,1,WAV,True,
XC193112,XC193112.wav,28.9,32000,1,WAV,True,
XC193116,XC193116.wav,60.75,32000,1,WAV,True,
XC193127,XC193127.wav,82.83,32000,1,WAV,True,
XC193128,XC193128.wav,72.74,32000,1,WAV,True,
XC193130,XC193130.wav,77.49,32000,1,WAV,True,
XC193134,XC193134.wav,34.8,32000,1,WAV,True,
XC193411,XC193411.wav,89.89,32000,1,WAV,True,
XC193606,XC193606.wav,15.55,32000,1,WAV,True,
XC193659,XC193659.wav,31.56,32000,1,WAV,True,
XC193660,XC193660.wav,13.84,32000,1,WAV,True,
XC193769,XC193769.wav,70.98,32000,1,WAV,True,
XC194079,XC194079.wav,6.48,32000,1,WAV,True,
XC194087,XC194087.wav,70.06,32000,1,WAV,True,
XC194088,XC194088.wav,39.9,32000,1,WAV,True,
XC194718,XC194718.wav,26.62,32000,1,WAV,True,
XC194885,XC194885.wav,55.12,32000,1,WAV,True,
XC195032,XC195032.wav,14.69,32000,1,WAV,True,
XC195303,XC195303.wav,48.49,32000,1,WAV,True,
XC195446,XC195446.wav,28.18,32000,1,WAV,True,
XC195540,XC195540.wav,3.36,32000,1,WAV,True,
XC195541,XC195541.wav,55.78,32000,1,WAV,True,
XC195542,XC195542.wav,46.61,32000,1,WAV,True,
XC195834,XC195834.wav,64.35,32000,1,WAV,True,
XC195835,XC195835.wav,81.38,32000,1,WAV,True,
XC196077,XC196077.wav,425.09,32000,1,WAV,True,
XC196484,XC196484.wav,22.7,32000,1,WAV,True,
XC196488,XC196488.wav,19.59,32000,1,WAV,True,
XC196542,XC196542.wav,1.27,32000,1,WAV,True,
XC196545,XC196545.wav,33.15,32000,1,WAV,True,
XC196673,XC196673.wav,42.26,32000,1,WAV,True,
XC196689,XC196689.wav,9.25,32000,1,WAV,True,
XC196691,XC196691.wav,118.5,32000,1,WAV,True,
XC196699,XC196699.wav,92.73,32000,1,WAV,True,
XC196858,XC196858.wav,11.79,32000,1,WAV,True,
XC197259,XC197259.wav,4.02,32000,1,WAV,True,
XC197260,XC197260.wav,30.3,32000,1,WAV,True,
XC197261,XC197261.wav,41.42,32000,1,WAV,True,
XC197263,XC197263.wav,214.45,32000,1,WAV,True,
XC197272,XC197272.wav,46.42,32000,1,WAV,True,
XC197276,XC197276.wav,24.42,32000,1,WAV,True,
XC197400,XC197400.wav,56.76,32000,1,WAV,True,
XC197638,XC197638.wav,2.8,32000,1,WAV,True,
XC197673,XC197673.wav,15.07,32000,1,WAV,True,
XC198054,XC198054.wav,16.63,32000,1,WAV,True,
XC198175,XC198175.wav,26.77,32000,1,WAV,True,
XC198286,XC198286.wav,148.91,32000,1,WAV,True,
XC198375,XC198375.wav,89.14,32000,1,WAV,True,
XC198397,XC198397.wav,5.95,32000,1,WAV,True,
XC198399,XC198399.wav,60.1,32000,1,WAV,True,
XC198400,XC198400.wav,87.1,32000,1,WAV,True,
XC198499,XC198499.wav,18.87,32000,1,WAV,True,
XC198579,XC198579.wav,25.42,32000,1,WAV,True,
XC198768,XC198768.wav,8.72,32000,1,WAV,True,
XC198784,XC198784.wav,5.31,32000,1,WAV,True,
XC198785,XC198785.wav,0.78,32000,1,WAV,True,
XC198792,XC198792.wav,11.64,32000,1,WAV,True,
XC199326,XC199326.wav,203.43,32000,1,WAV,True,
XC199356,XC199356.wav,28.69,32000,1,WAV,True,
XC199590,XC199590.wav,11.97,32000,1,WAV,True,
XC199663,XC199663.wav,24.91,32000,1,WAV,True,
XC200103,XC200103.wav,6.61,32000,1,WAV,True,
XC200508,XC200508.wav,10.38,32000,1,WAV,True,
XC200509,XC200509.wav,9.57,32000,1,WAV,True,
XC201098,XC201098.wav,45.54,32000,1,WAV,True,
XC201427,XC201427.wav,13.12,32000,1,WAV,True,
XC202027,XC202027.wav,71.49,32000,1,WAV,True,
XC202087,XC202087.wav,7.0,32000,1,WAV,True,
XC202749,XC202749.wav,60.96,32000,1,WAV,True,
XC202805,XC202805.wav,5.49,32000,1,WAV,True,
XC202806,XC202806.wav,25.94,32000,1,WAV,True,
XC202807,XC202807.wav,57.34,32000,1,WAV,True,
XC202808,XC202808.wav,18.43,32000,1,WAV,True,
XC203607,XC203607.wav,8.35,32000,1,WAV,True,
XC203608,XC203608.wav,9.25,32000,1,WAV,True,
XC203709,XC203709.wav,99.69,32000,1,WAV,True,
XC203711,XC203711.wav,6.66,32000,1,WAV,True,
XC203713,XC203713.wav,3.36,32000,1,WAV,True,
XC203714,XC203714.wav,56.26,32000,1,WAV,True,
XC203716,XC203716.wav,4.38,32000,1,WAV,True,
XC203778,XC203778.wav,13.18,32000,1,WAV,True,
XC203984,XC203984.wav,12.36,32000,1,WAV,True,
XC204418,XC204418.wav,3.06,32000,1,WAV,True,
XC205267,XC205267.wav,52.39,32000,1,WAV,True,
XC205284,XC205284.wav,11.7,32000,1,WAV,True,
XC205287,XC205287.wav,47.57,32000,1,WAV,True,
XC205288,XC205288.wav,38.05,32000,1,WAV,True,
XC205289,XC205289.wav,16.82,32000,1,WAV,True,
XC205385,XC205385.wav,180.27,32000,1,WAV,True,
XC205389,XC205389.wav,62.54,32000,1,WAV,True,
XC205391,XC205391.wav,11.57,32000,1,WAV,True,
XC205394,XC205394.wav,7.73,32000,1,WAV,True,
XC205395,XC205395.wav,16.77,32000,1,WAV,True,
XC205420,XC205420.wav,40.35,32000,1,WAV,True,
XC205431,XC205431.wav,166.06,32000,1,WAV,True,
XC205433,XC205433.wav,10.18,32000,1,WAV,True,
XC205468,XC205468.wav,59.76,32000,1,WAV,True,
XC205469,XC205469.wav,35.02,32000,1,WAV,True,
XC205470,XC205470.wav,26.7,32000,1,WAV,True,
XC205473,XC205473.wav,125.7,32000,1,WAV,True,
XC205474,XC205474.wav,34.82,32000,1,WAV,True,
XC205478,XC205478.wav,44.13,32000,1,WAV,True,
XC205480,XC205480.wav,101.38,32000,1,WAV,True,
XC205482,XC205482.wav,12.11,32000,1,WAV,True,
XC205499,XC205499.wav,8.51,32000,1,WAV,True,
XC205514,XC205514.wav,14.58,32000,1,WAV,True,
XC205515,XC205515.wav,37.84,32000,1,WAV,True,
XC205516,XC205516.wav,57.01,32000,1,WAV,True,
XC205522,XC205522.wav,145.44,32000,1,WAV,True,
XC205523,XC205523.wav,3.98,32000,1,WAV,True,
XC205757,XC205757.wav,11.71,32000,1,WAV,True,
XC205758,XC205758.wav,60.5,32000,1,WAV,True,
XC205761,XC205761.wav,63.7,32000,1,WAV,True,
XC205772,XC205772.wav,1.55,32000,1,WAV,True,
XC205773,XC205773.wav,46.47,32000,1,WAV,True,
XC205798,XC205798.wav,127.52,32000,1,WAV,True,
XC205807,XC205807.wav,177.82,32000,1,WAV,True,
XC205869,XC205869.wav,48.66,32000,1,WAV,True,
XC205924,XC205924.wav,19.93,32000,1,WAV,True,
XC205952,XC205952.wav,142.85,32000,1,WAV,True,
XC205982,XC205982.wav,21.17,32000,1,WAV,True,
XC205988,XC205988.wav,207.14,32000,1,WAV,True,
XC206007,XC206007.wav,41.22,32000,1,WAV,True,
XC206008,XC206008.wav,8.43,32000,1,WAV,True,
XC206012,XC206012.wav,11.84,32000,1,WAV,True,
XC206070,XC206070.wav,59.58,32000,1,WAV,True,
XC206082,XC206082.wav,49.68,32000,1,WAV,True,
XC206087,XC206087.wav,3.1,32000,1,WAV,True,
XC206088,XC206088.wav,67.62,32000,1,WAV,True,
XC206090,XC206090.wav,16.75,32000,1,WAV,True,
XC206155,XC206155.wav,27.87,32000,1,WAV,True,
XC206516,XC206516.wav,27.61,32000,1,WAV,True,
XC206849,XC206849.wav,14.05,32000,1,WAV,True,
XC208363,XC208363.wav,30.03,32000,1,WAV,True,
XC208627,XC208627.wav,86.11,32000,1,WAV,True,
XC208934,XC208934.wav,24.98,32000,1,WAV,True,
XC209320,XC209320.wav,9.59,32000,1,WAV,True,
XC209321,XC209321.wav,26.9,32000,1,WAV,True,
XC209341,XC209341.wav,182.2,32000,1,WAV,True,
XC209759,XC209759.wav,77.24,32000,1,WAV,True,
XC209760,XC209760.wav,170.32,32000,1,WAV,True,
XC209874,XC209874.wav,6.0,32000,1,WAV,True,
XC209876,XC209876.wav,19.29,32000,1,WAV,True,
XC209897,XC209897.wav,102.83,32000,1,WAV,True,
XC209898,XC209898.wav,20.21,32000,1,WAV,True,
XC210403,XC210403.wav,40.62,32000,1,WAV,True,
XC210516,XC210516.wav,29.23,32000,1,WAV,True,
XC210518,XC210518.wav,30.8,32000,1,WAV,True,
XC210630,XC210630.wav,22.95,32000,1,WAV,True,
XC210697,XC210697.wav,97.18,32000,1,WAV,True,
XC210732,XC210732.wav,77.54,32000,1,WAV,True,
XC210744,XC210744.wav,26.9,32000,1,WAV,True,
XC210746,XC210746.wav,102.67,32000,1,WAV,True,
XC210754,XC210754.wav,49.3,32000,1,WAV,True,
XC210758,XC210758.wav,8.19,32000,1,WAV,True,
XC210759,XC210759.wav,10.13,32000,1,WAV,True,
XC210760,XC210760.wav,14.48,32000,1,WAV,True,
XC210761,XC210761.wav,49.42,32000,1,WAV,True,
XC210762,XC210762.wav,9.01,32000,1,WAV,True,
XC210764,XC210764.wav,3.52,32000,1,WAV,True,
XC210765,XC210765.wav,82.69,32000,1,WAV,True,
XC210766,XC210766.wav,42.43,32000,1,WAV,True,
XC210768,XC210768.wav,22.82,32000,1,WAV,True,
XC210779,XC210779.wav,103.89,32000,1,WAV,True,
XC210839,XC210839.wav,5.3,32000,1,WAV,True,
XC210841,XC210841.wav,203.86,32000,1,WAV,True,
XC210843,XC210843.wav,253.07,32000,1,WAV,True,
XC211130,XC211130.wav,39.48,32000,1,WAV,True,
XC211292,XC211292.wav,90.48,32000,1,WAV,True,
XC211301,XC211301.wav,40.8,32000,1,WAV,True,
XC211302,XC211302.wav,35.01,32000,1,WAV,True,
XC211305,XC211305.wav,24.83,32000,1,WAV,True,
XC211314,XC211314.wav,18.93,32000,1,WAV,True,
XC211350,XC211350.wav,25.71,32000,1,WAV,True,
XC211484,XC211484.wav,1.57,32000,1,WAV,True,
XC212025,XC212025.wav,20.07,32000,1,WAV,True,
XC212144,XC212144.wav,14.02,32000,1,WAV,True,
XC212499,XC212499.wav,3.34,32000,1,WAV,True,
XC212528,XC212528.wav,0.45,32000,1,WAV,True,
XC212529,XC212529.wav,7.22,32000,1,WAV,True,
XC212539,XC212539.wav,86.48,32000,1,WAV,True,
XC212575,XC212575.wav,12.16,32000,1,WAV,True,
XC212577,XC212577.wav,19.67,32000,1,WAV,True,
XC212943,XC212943.wav,11.34,32000,1,WAV,True,
XC212963,XC212963.wav,3.5,32000,1,WAV,True,
XC213058,XC213058.wav,33.94,32000,1,WAV,True,
XC213165,XC213165.wav,11.55,32000,1,WAV,True,
XC213220,XC213220.wav,13.39,32000,1,WAV,True,
XC213558,XC213558.wav,11.46,32000,1,WAV,True,
XC213572,XC213572.wav,17.81,32000,1,WAV,True,
XC214256,XC214256.wav,43.26,32000,1,WAV,True,
XC214257,XC214257.wav,11.21,32000,1,WAV,True,
XC214259,XC214259.wav,11.34,32000,1,WAV,True,
XC215135,XC215135.wav,1.08,32000,1,WAV,True,
XC215712,XC215712.wav,49.31,32000,1,WAV,True,
XC215757,XC215757.wav,7.75,32000,1,WAV,True,
XC215759,XC215759.wav,4.67,32000,1,WAV,True,
XC215846,XC215846.wav,24.33,32000,1,WAV,True,
XC215995,XC215995.wav,5.04,32000,1,WAV,True,
XC215998,XC215998.wav,68.36,32000,1,WAV,True,
XC216075,XC216075.wav,20.93,32000,1,WAV,True,
XC216100,XC216100.wav,22.73,32000,1,WAV,True,
XC216178,XC216178.wav,17.17,32000,1,WAV,True,
XC216179,XC216179.wav,35.55,32000,1,WAV,True,
XC216373,XC216373.wav,5.38,32000,1,WAV,True,
XC216509,XC216509.wav,6.58,32000,1,WAV,True,
XC216516,XC216516.wav,2.67,32000,1,WAV,True,
XC216657,XC216657.wav,17.4,32000,1,WAV,True,
XC216663,XC216663.wav,38.08,32000,1,WAV,True,
XC216779,XC216779.wav,66.97,32000,1,WAV,True,
XC216784,XC216784.wav,63.99,32000,1,WAV,True,
XC216787,XC216787.wav,34.51,32000,1,WAV,True,
XC217005,XC217005.wav,19.66,32000,1,WAV,True,
XC217024,XC217024.wav,11.09,32000,1,WAV,True,
XC217037,XC217037.wav,40.53,32000,1,WAV,True,
XC217039,XC217039.wav,37.49,32000,1,WAV,True,
XC217046,XC217046.wav,15.3,32000,1,WAV,True,
XC217053,XC217053.wav,27.37,32000,1,WAV,True,
XC217139,XC217139.wav,18.5,32000,1,WAV,True,
XC217753,XC217753.wav,112.45,32000,1,WAV,True,
XC217762,XC217762.wav,25.27,32000,1,WAV,True,
XC217766,XC217766.wav,78.83,32000,1,WAV,True,
XC217781,XC217781.wav,12.89,32000,1,WAV,True,
XC217783,XC217783.wav,41.41,32000,1,WAV,True,
XC217784,XC217784.wav,32.02,32000,1,WAV,True,
XC217786,XC217786.wav,44.02,32000,1,WAV,True,
XC217792,XC217792.wav,23.22,32000,1,WAV,True,
XC217796,XC217796.wav,68.69,32000,1,WAV,True,
XC217799,XC217799.wav,191.22,32000,1,WAV,True,
XC217801,XC217801.wav,60.65,32000,1,WAV,True,
XC217802,XC217802.wav,8.1,32000,1,WAV,True,
XC217803,XC217803.wav,65.2,32000,1,WAV,True,
XC217804,XC217804.wav,36.19,32000,1,WAV,True,
XC217806,XC217806.wav,37.89,32000,1,WAV,True,
XC217808,XC217808.wav,57.92,32000,1,WAV,True,
XC217809,XC217809.wav,63.94,32000,1,WAV,True,
XC217811,XC217811.wav,8.7,32000,1,WAV,True,
XC217815,XC217815.wav,19.62,32000,1,WAV,True,
XC217817,XC217817.wav,25.82,32000,1,WAV,True,
XC217819,XC217819.wav,41.38,32000,1,WAV,True,
XC217823,XC217823.wav,8.67,32000,1,WAV,True,
XC217824,XC217824.wav,93.1,32000,1,WAV,True,
XC217827,XC217827.wav,166.37,32000,1,WAV,True,
XC217829,XC217829.wav,137.23,32000,1,WAV,True,
XC217831,XC217831.wav,84.38,32000,1,WAV,True,
XC217832,XC217832.wav,74.14,32000,1,WAV,True,
XC217833,XC217833.wav,22.21,32000,1,WAV,True,
XC217834,XC217834.wav,44.93,32000,1,WAV,True,
XC217835,XC217835.wav,42.59,32000,1,WAV,True,
XC217839,XC217839.wav,51.7,32000,1,WAV,True,
XC217841,XC217841.wav,78.99,32000,1,WAV,True,
XC217843,XC217843.wav,26.9,32000,1,WAV,True,
XC217847,XC217847.wav,19.58,32000,1,WAV,True,
XC217851,XC217851.wav,103.54,32000,1,WAV,True,
XC217853,XC217853.wav,56.98,32000,1,WAV,True,
XC217854,XC217854.wav,36.02,32000,1,WAV,True,
XC217857,XC217857.wav,46.67,32000,1,WAV,True,
XC217858,XC217858.wav,4.78,32000,1,WAV,True,
XC217911,XC217911.wav,49.89,32000,1,WAV,True,
XC217912,XC217912.wav,96.98,32000,1,WAV,True,
XC217913,XC217913.wav,64.82,32000,1,WAV,True,
XC217924,XC217924.wav,19.26,32000,1,WAV,True,
XC217930,XC217930.wav,42.78,32000,1,WAV,True,
XC217932,XC217932.wav,105.62,32000,1,WAV,True,
XC217940,XC217940.wav,41.46,32000,1,WAV,True,
XC217942,XC217942.wav,19.6,32000,1,WAV,True,
XC217955,XC217955.wav,22.69,32000,1,WAV,True,
XC217970,XC217970.wav,35.65,32000,1,WAV,True,
XC217976,XC217976.wav,74.77,32000,1,WAV,True,
XC217977,XC217977.wav,152.21,32000,1,WAV,True,
XC217978,XC217978.wav,59.1,32000,1,WAV,True,
XC217979,XC217979.wav,118.67,32000,1,WAV,True,
XC217980,XC217980.wav,77.94,32000,1,WAV,True,
XC217981,XC217981.wav,18.11,32000,1,WAV,True,
XC217982,XC217982.wav,174.5,32000,1,WAV,True,
XC217983,XC217983.wav,308.64,32000,1,WAV,True,
XC218671,XC218671.wav,14.34,32000,1,WAV,True,
XC219352,XC219352.wav,21.74,32000,1,WAV,True,
XC225350,XC225350.wav,12.14,32000,1,WAV,True,
XC232494,XC232494.wav,23.62,32000,1,WAV,True,
XC232497,XC232497.wav,29.86,32000,1,WAV,True,
XC232504,XC232504.wav,11.09,32000,1,WAV,True,
XC232506,XC232506.wav,11.46,32000,1,WAV,True,
XC232898,XC232898.wav,20.0,32000,1,WAV,True,
XC233132,XC233132.wav,14.79,32000,1,WAV,True,
XC233158,XC233158.wav,8.67,32000,1,WAV,True,
XC233159,XC233159.wav,4.99,32000,1,WAV,True,
XC233341,XC233341.wav,25.57,32000,1,WAV,True,
XC233342,XC233342.wav,7.26,32000,1,WAV,True,
XC233343,XC233343.wav,21.87,32000,1,WAV,True,
XC233345,XC233345.wav,10.97,32000,1,WAV,True,
XC233346,XC233346.wav,42.22,32000,1,WAV,True,
XC233380,XC233380.wav,20.58,32000,1,WAV,True,
XC233388,XC233388.wav,33.1,32000,1,WAV,True,
XC233389,XC233389.wav,2.66,32000,1,WAV,True,
XC233403,XC233403.wav,78.91,32000,1,WAV,True,
XC233489,XC233489.wav,1.18,32000,1,WAV,True,
XC233496,XC233496.wav,9.49,32000,1,WAV,True,
XC234215,XC234215.wav,76.11,32000,1,WAV,True,
XC234317,XC234317.wav,12.37,32000,1,WAV,True,
XC234524,XC234524.wav,84.47,32000,1,WAV,True,
XC234550,XC234550.wav,8.93,32000,1,WAV,True,
XC234669,XC234669.wav,16.19,32000,1,WAV,True,
XC234785,XC234785.wav,19.87,32000,1,WAV,True,
XC235031,XC235031.wav,26.2,32000,1,WAV,True,
XC235054,XC235054.wav,43.26,32000,1,WAV,True,
XC235197,XC235197.wav,93.07,32000,1,WAV,True,
XC235427,XC235427.wav,29.06,32000,1,WAV,True,
XC235490,XC235490.wav,29.7,32000,1,WAV,True,
XC235492,XC235492.wav,45.92,32000,1,WAV,True,
XC235680,XC235680.wav,12.37,32000,1,WAV,True,
XC236020,XC236020.wav,32.34,32000,1,WAV,True,
XC236409,XC236409.wav,12.05,32000,1,WAV,True,
XC236555,XC236555.wav,5.33,32000,1,WAV,True,
XC236563,XC236563.wav,27.2,32000,1,WAV,True,
XC236564,XC236564.wav,12.17,32000,1,WAV,True,
XC236567,XC236567.wav,57.41,32000,1,WAV,True,
XC236572,XC236572.wav,21.6,32000,1,WAV,True,
XC236575,XC236575.wav,2.69,32000,1,WAV,True,
XC236697,XC236697.wav,132.85,32000,1,WAV,True,
XC236807,XC236807.wav,27.26,32000,1,WAV,True,
XC236929,XC236929.wav,31.3,32000,1,WAV,True,
XC237263,XC237263.wav,43.36,32000,1,WAV,True,
XC237361,XC237361.wav,176.87,32000,1,WAV,True,
XC237375,XC237375.wav,56.87,32000,1,WAV,True,
XC237517,XC237517.wav,65.38,32000,1,WAV,True,
XC237743,XC237743.wav,38.56,32000,1,WAV,True,
XC237744,XC237744.wav,4.41,32000,1,WAV,True,
XC237806,XC237806.wav,22.19,32000,1,WAV,True,
XC237821,XC237821.wav,36.09,32000,1,WAV,True,
XC237843,XC237843.wav,42.06,32000,1,WAV,True,
XC238065,XC238065.wav,16.14,32000,1,WAV,True,
XC238074,XC238074.wav,7.07,32000,1,WAV,True,
XC238075,XC238075.wav,21.26,32000,1,WAV,True,
XC238076,XC238076.wav,9.33,32000,1,WAV,True,
XC238077,XC238077.wav,11.57,32000,1,WAV,True,
XC238264,XC238264.wav,9.78,32000,1,WAV,True,
XC239645,XC239645.wav,15.01,32000,1,WAV,True,
XC239835,XC239835.wav,15.54,32000,1,WAV,True,
XC240177,XC240177.wav,70.87,32000,1,WAV,True,
XC240258,XC240258.wav,4.4,32000,1,WAV,True,
XC240404,XC240404.wav,115.97,32000,1,WAV,True,
XC240406,XC240406.wav,2.09,32000,1,WAV,True,
XC240675,XC240675.wav,30.0,32000,1,WAV,True,
XC240677,XC240677.wav,132.43,32000,1,WAV,True,
XC240731,XC240731.wav,40.35,32000,1,WAV,True,
XC240940,XC240940.wav,56.38,32000,1,WAV,True,
XC240987,XC240987.wav,2.93,32000,1,WAV,True,
XC240988,XC240988.wav,4.77,32000,1,WAV,True,
XC241102,XC241102.wav,3.44,32000,1,WAV,True,
XC241103,XC241103.wav,80.61,32000,1,WAV,True,
XC241108,XC241108.wav,12.93,32000,1,WAV,True,
XC241121,XC241121.wav,99.87,32000,1,WAV,True,
XC241134,XC241134.wav,39.78,32000,1,WAV,True,
XC241395,XC241395.wav,33.93,32000,1,WAV,True,
XC241646,XC241646.wav,21.48,32000,1,WAV,True,
XC241821,XC241821.wav,46.0,32000,1,WAV,True,
XC243086,XC243086.wav,16.08,32000,1,WAV,True,
XC243385,XC243385.wav,117.8,32000,1,WAV,True,
XC243412,XC243412.wav,25.5,32000,1,WAV,True,
XC243586,XC243586.wav,32.63,32000,1,WAV,True,
XC243587,XC243587.wav,8.23,32000,1,WAV,True,
XC243688,XC243688.wav,48.72,32000,1,WAV,True,
XC243775,XC243775.wav,2.57,32000,1,WAV,True,
XC243776,XC243776.wav,3.02,32000,1,WAV,True,
XC243795,XC243795.wav,3.51,32000,1,WAV,True,
XC243829,XC243829.wav,29.62,32000,1,WAV,True,
XC243969,XC243969.wav,1.66,32000,1,WAV,True,
XC243991,XC243991.wav,35.2,32000,1,WAV,True,
XC243993,XC243993.wav,16.53,32000,1,WAV,True,
XC244350,XC244350.wav,75.44,32000,1,WAV,True,
XC244351,XC244351.wav,110.83,32000,1,WAV,True,
XC244358,XC244358.wav,97.25,32000,1,WAV,True,
XC244458,XC244458.wav,83.59,32000,1,WAV,True,
XC244459,XC244459.wav,33.18,32000,1,WAV,True,
XC244505,XC244505.wav,33.17,32000,1,WAV,True,
XC244525,XC244525.wav,91.58,32000,1,WAV,True,
XC244526,XC244526.wav,29.25,32000,1,WAV,True,
XC244530,XC244530.wav,53.13,32000,1,WAV,True,
XC244531,XC244531.wav,49.62,32000,1,WAV,True,
XC244573,XC244573.wav,43.64,32000,1,WAV,True,
XC244583,XC244583.wav,35.65,32000,1,WAV,True,
XC244667,XC244667.wav,27.21,32000,1,WAV,True,
XC244724,XC244724.wav,75.58,32000,1,WAV,True,
XC245645,XC245645.wav,17.23,32000,1,WAV,True,
XC245809,XC245809.wav,23.98,32000,1,WAV,True,
XC245849,XC245849.wav,21.19,32000,1,WAV,True,
XC245875,XC245875.wav,24.8,32000,1,WAV,True,
XC245894,XC245894.wav,40.17,32000,1,WAV,True,
XC245947,XC245947.wav,12.64,32000,1,WAV,True,
XC246092,XC246092.wav,16.45,32000,1,WAV,True,
XC246110,XC246110.wav,23.06,32000,1,WAV,True,
XC246112,XC246112.wav,93.38,32000,1,WAV,True,
XC246200,XC246200.wav,36.32,32000,1,WAV,True,
XC246539,XC246539.wav,17.47,32000,1,WAV,True,
XC2467,XC2467.wav,2.91,32000,1,WAV,True,
XC246727,XC246727.wav,63.82,32000,1,WAV,True,
XC246756,XC246756.wav,45.23,32000,1,WAV,True,
XC246776,XC246776.wav,217.13,32000,1,WAV,True,
XC246778,XC246778.wav,42.21,32000,1,WAV,True,
XC246857,XC246857.wav,23.08,32000,1,WAV,True,
XC247259,XC247259.wav,1.82,32000,1,WAV,True,
XC247300,XC247300.wav,12.19,32000,1,WAV,True,
XC247308,XC247308.wav,25.57,32000,1,WAV,True,
XC2476,XC2476.wav,17.55,32000,1,WAV,True,
XC247618,XC247618.wav,28.68,32000,1,WAV,True,
XC247621,XC247621.wav,53.66,32000,1,WAV,True,
XC247690,XC247690.wav,49.61,32000,1,WAV,True,
XC247768,XC247768.wav,13.7,32000,1,WAV,True,
XC247772,XC247772.wav,34.12,32000,1,WAV,True,
XC247775,XC247775.wav,75.76,32000,1,WAV,True,
XC247799,XC247799.wav,74.18,32000,1,WAV,True,
XC247801,XC247801.wav,38.8,32000,1,WAV,True,
XC247833,XC247833.wav,17.39,32000,1,WAV,True,
XC247838,XC247838.wav,33.47,32000,1,WAV,True,
XC247851,XC247851.wav,61.52,32000,1,WAV,True,
XC248001,XC248001.wav,8.08,32000,1,WAV,True,
XC248099,XC248099.wav,16.6,32000,1,WAV,True,
XC250549,XC250549.wav,47.25,32000,1,WAV,True,
XC250844,XC250844.wav,12.98,32000,1,WAV,True,
XC250860,XC250860.wav,69.03,32000,1,WAV,True,
XC250999,XC250999.wav,29.51,32000,1,WAV,True,
XC251802,XC251802.wav,57.49,32000,1,WAV,True,
XC251806,XC251806.wav,37.91,32000,1,WAV,True,
XC251826,XC251826.wav,50.7,32000,1,WAV,True,
XC252006,XC252006.wav,42.7,32000,1,WAV,True,
XC252019,XC252019.wav,16.16,32000,1,WAV,True,
XC252235,XC252235.wav,5.14,32000,1,WAV,True,
XC252396,XC252396.wav,27.9,32000,1,WAV,True,
XC252571,XC252571.wav,10.46,32000,1,WAV,True,
XC252838,XC252838.wav,21.49,32000,1,WAV,True,
XC252840,XC252840.wav,22.69,32000,1,WAV,True,
XC252931,XC252931.wav,16.26,32000,1,WAV,True,
XC253150,XC253150.wav,23.93,32000,1,WAV,True,
XC253256,XC253256.wav,41.94,32000,1,WAV,True,
XC253317,XC253317.wav,25.55,32000,1,WAV,True,
XC253320,XC253320.wav,32.43,32000,1,WAV,True,
XC253321,XC253321.wav,67.57,32000,1,WAV,True,
XC253328,XC253328.wav,10.82,32000,1,WAV,True,
XC253360,XC253360.wav,35.32,32000,1,WAV,True,
XC253386,XC253386.wav,44.74,32000,1,WAV,True,
XC253389,XC253389.wav,10.31,32000,1,WAV,True,
XC253397,XC253397.wav,102.17,32000,1,WAV,True,
XC253399,XC253399.wav,40.63,32000,1,WAV,True,
XC253455,XC253455.wav,61.49,32000,1,WAV,True,
XC253520,XC253520.wav,30.13,32000,1,WAV,True,
XC253521,XC253521.wav,17.36,32000,1,WAV,True,
XC253535,XC253535.wav,5.67,32000,1,WAV,True,
XC253704,XC253704.wav,21.82,32000,1,WAV,True,
XC253718,XC253718.wav,251.35,32000,1,WAV,True,
XC253812,XC253812.wav,16.45,32000,1,WAV,True,
XC253814,XC253814.wav,158.56,32000,1,WAV,True,
XC253842,XC253842.wav,13.17,32000,1,WAV,True,
XC253846,XC253846.wav,54.55,32000,1,WAV,True,
XC253847,XC253847.wav,40.86,32000,1,WAV,True,
XC253854,XC253854.wav,76.81,32000,1,WAV,True,
XC253921,XC253921.wav,49.76,32000,1,WAV,True,
XC253935,XC253935.wav,18.23,32000,1,WAV,True,
XC253946,XC253946.wav,23.95,32000,1,WAV,True,
XC253947,XC253947.wav,3.22,32000,1,WAV,True,
XC253948,XC253948.wav,21.46,32000,1,WAV,True,
XC253951,XC253951.wav,20.08,32000,1,WAV,True,
XC254058,XC254058.wav,8.43,32000,1,WAV,True,
XC254062,XC254062.wav,11.77,32000,1,WAV,True,
XC254066,XC254066.wav,6.99,32000,1,WAV,True,
XC254068,XC254068.wav,22.99,32000,1,WAV,True,
XC254071,XC254071.wav,7.87,32000,1,WAV,True,
XC254293,XC254293.wav,37.98,32000,1,WAV,True,
XC254295,XC254295.wav,55.22,32000,1,WAV,True,
XC254296,XC254296.wav,78.25,32000,1,WAV,True,
XC254298,XC254298.wav,44.12,32000,1,WAV,True,
XC254299,XC254299.wav,19.65,32000,1,WAV,True,
XC254300,XC254300.wav,1.86,32000,1,WAV,True,
XC254301,XC254301.wav,14.38,32000,1,WAV,True,
XC254310,XC254310.wav,13.35,32000,1,WAV,True,
XC254449,XC254449.wav,6.64,32000,1,WAV,True,
XC254456,XC254456.wav,9.46,32000,1,WAV,True,
XC254467,XC254467.wav,20.21,32000,1,WAV,True,
XC254483,XC254483.wav,16.74,32000,1,WAV,True,
XC254484,XC254484.wav,34.18,32000,1,WAV,True,
XC254489,XC254489.wav,26.96,32000,1,WAV,True,
XC254491,XC254491.wav,84.74,32000,1,WAV,True,
XC254537,XC254537.wav,6.42,32000,1,WAV,True,
XC254552,XC254552.wav,16.26,32000,1,WAV,True,
XC254588,XC254588.wav,30.62,32000,1,WAV,True,
XC254589,XC254589.wav,31.15,32000,1,WAV,True,
XC254960,XC254960.wav,46.18,32000,1,WAV,True,
XC254962,XC254962.wav,95.45,32000,1,WAV,True,
XC255284,XC255284.wav,22.87,32000,1,WAV,True,
XC255294,XC255294.wav,12.38,32000,1,WAV,True,
XC255438,XC255438.wav,50.33,32000,1,WAV,True,
XC255471,XC255471.wav,46.31,32000,1,WAV,True,
XC255549,XC255549.wav,29.78,32000,1,WAV,True,
XC255631,XC255631.wav,37.83,32000,1,WAV,True,
XC255824,XC255824.wav,164.97,32000,1,WAV,True,
XC255914,XC255914.wav,18.01,32000,1,WAV,True,
XC256110,XC256110.wav,287.33,32000,1,WAV,True,
XC256195,XC256195.wav,27.4,32000,1,WAV,True,
XC256198,XC256198.wav,7.75,32000,1,WAV,True,
XC256216,XC256216.wav,33.7,32000,1,WAV,True,
XC256292,XC256292.wav,26.42,32000,1,WAV,True,
XC256452,XC256452.wav,29.68,32000,1,WAV,True,
XC256543,XC256543.wav,73.96,32000,1,WAV,True,
XC256595,XC256595.wav,22.72,32000,1,WAV,True,
XC256731,XC256731.wav,108.35,32000,1,WAV,True,
XC256732,XC256732.wav,31.78,32000,1,WAV,True,
XC256733,XC256733.wav,34.02,32000,1,WAV,True,
XC256734,XC256734.wav,47.06,32000,1,WAV,True,
XC256736,XC256736.wav,130.88,32000,1,WAV,True,
XC256738,XC256738.wav,78.45,32000,1,WAV,True,
XC256758,XC256758.wav,8.56,32000,1,WAV,True,
XC256759,XC256759.wav,92.27,32000,1,WAV,True,
XC256760,XC256760.wav,93.73,32000,1,WAV,True,
XC256842,XC256842.wav,190.5,32000,1,WAV,True,
XC256847,XC256847.wav,113.15,32000,1,WAV,True,
XC256848,XC256848.wav,46.78,32000,1,WAV,True,
XC256850,XC256850.wav,86.96,32000,1,WAV,True,
XC256889,XC256889.wav,113.15,32000,1,WAV,True,
XC256893,XC256893.wav,50.9,32000,1,WAV,True,
XC256895,XC256895.wav,18.46,32000,1,WAV,True,
XC256896,XC256896.wav,72.51,32000,1,WAV,True,
XC256898,XC256898.wav,253.49,32000,1,WAV,True,
XC256909,XC256909.wav,20.3,32000,1,WAV,True,
XC256910,XC256910.wav,11.41,32000,1,WAV,True,
XC256913,XC256913.wav,10.91,32000,1,WAV,True,
XC256914,XC256914.wav,67.52,32000,1,WAV,True,
XC256971,XC256971.wav,26.58,32000,1,WAV,True,
XC256972,XC256972.wav,181.45,32000,1,WAV,True,
XC256974,XC256974.wav,88.13,32000,1,WAV,True,
XC256975,XC256975.wav,201.1,32000,1,WAV,True,
XC256976,XC256976.wav,34.06,32000,1,WAV,True,
XC256977,XC256977.wav,53.47,32000,1,WAV,True,
XC256982,XC256982.wav,128.58,32000,1,WAV,True,
XC256983,XC256983.wav,146.78,32000,1,WAV,True,
XC256984,XC256984.wav,29.3,32000,1,WAV,True,
XC256985,XC256985.wav,27.65,32000,1,WAV,True,
XC256986,XC256986.wav,70.9,32000,1,WAV,True,
XC257130,XC257130.wav,13.6,32000,1,WAV,True,
XC257286,XC257286.wav,18.8,32000,1,WAV,True,
XC257370,XC257370.wav,8.67,32000,1,WAV,True,
XC257371,XC257371.wav,12.58,32000,1,WAV,True,
XC257372,XC257372.wav,8.86,32000,1,WAV,True,
XC257401,XC257401.wav,14.7,32000,1,WAV,True,
XC259523,XC259523.wav,208.09,32000,1,WAV,True,
XC259578,XC259578.wav,11.66,32000,1,WAV,True,
XC259620,XC259620.wav,15.94,32000,1,WAV,True,
XC260163,XC260163.wav,95.92,32000,1,WAV,True,
XC260164,XC260164.wav,45.1,32000,1,WAV,True,
XC260167,XC260167.wav,93.12,32000,1,WAV,True,
XC260191,XC260191.wav,403.26,32000,1,WAV,True,
XC260196,XC260196.wav,85.85,32000,1,WAV,True,
XC260200,XC260200.wav,61.92,32000,1,WAV,True,
XC260204,XC260204.wav,19.49,32000,1,WAV,True,
XC260208,XC260208.wav,25.69,32000,1,WAV,True,
XC260937,XC260937.wav,15.01,32000,1,WAV,True,
XC260938,XC260938.wav,6.1,32000,1,WAV,True,
XC260939,XC260939.wav,4.53,32000,1,WAV,True,
XC261094,XC261094.wav,19.98,32000,1,WAV,True,
XC261334,XC261334.wav,474.59,32000,1,WAV,True,
XC261335,XC261335.wav,119.68,32000,1,WAV,True,
XC261339,XC261339.wav,253.49,32000,1,WAV,True,
XC261340,XC261340.wav,135.65,32000,1,WAV,True,
XC261341,XC261341.wav,182.91,32000,1,WAV,True,
XC261345,XC261345.wav,42.82,32000,1,WAV,True,
XC261350,XC261350.wav,53.2,32000,1,WAV,True,
XC261423,XC261423.wav,43.99,32000,1,WAV,True,
XC2628,XC2628.wav,15.26,32000,1,WAV,True,
XC262815,XC262815.wav,30.35,32000,1,WAV,True,
XC263186,XC263186.wav,93.3,32000,1,WAV,True,
XC263187,XC263187.wav,119.66,32000,1,WAV,True,
XC263188,XC263188.wav,347.79,32000,1,WAV,True,
XC263224,XC263224.wav,122.72,32000,1,WAV,True,
XC263236,XC263236.wav,4.79,32000,1,WAV,True,
XC263260,XC263260.wav,356.7,32000,1,WAV,True,
XC263266,XC263266.wav,376.26,32000,1,WAV,True,
XC263270,XC263270.wav,166.19,32000,1,WAV,True,
XC263347,XC263347.wav,336.82,32000,1,WAV,True,
XC263353,XC263353.wav,367.98,32000,1,WAV,True,
XC263354,XC263354.wav,157.01,32000,1,WAV,True,
XC263371,XC263371.wav,243.18,32000,1,WAV,True,
XC263374,XC263374.wav,273.68,32000,1,WAV,True,
XC263377,XC263377.wav,113.14,32000,1,WAV,True,
XC263402,XC263402.wav,114.37,32000,1,WAV,True,
XC263404,XC263404.wav,73.41,32000,1,WAV,True,
XC263461,XC263461.wav,59.68,32000,1,WAV,True,
XC263483,XC263483.wav,25.03,32000,1,WAV,True,
XC263484,XC263484.wav,18.03,32000,1,WAV,True,
XC263485,XC263485.wav,30.68,32000,1,WAV,True,
XC263498,XC263498.wav,41.33,32000,1,WAV,True,
XC263634,XC263634.wav,24.6,32000,1,WAV,True,
XC264267,XC264267.wav,48.43,32000,1,WAV,True,
XC264343,XC264343.wav,52.86,32000,1,WAV,True,
XC264344,XC264344.wav,43.27,32000,1,WAV,True,
XC264715,XC264715.wav,9.92,32000,1,WAV,True,
XC264717,XC264717.wav,8.0,32000,1,WAV,True,
XC264718,XC264718.wav,32.46,32000,1,WAV,True,
XC264719,XC264719.wav,11.44,32000,1,WAV,True,
XC265043,XC265043.wav,369.16,32000,1,WAV,True,
XC265072,XC265072.wav,112.77,32000,1,WAV,True,
XC265075,XC265075.wav,12.59,32000,1,WAV,True,
XC265076,XC265076.wav,26.12,32000,1,WAV,True,
XC265077,XC265077.wav,42.11,32000,1,WAV,True,
XC265078,XC265078.wav,13.3,32000,1,WAV,True,
XC265422,XC265422.wav,29.86,32000,1,WAV,True,
XC265423,XC265423.wav,46.2,32000,1,WAV,True,
XC266078,XC266078.wav,30.42,32000,1,WAV,True,
XC266321,XC266321.wav,39.98,32000,1,WAV,True,
XC267262,XC267262.wav,12.02,32000,1,WAV,True,
XC267288,XC267288.wav,105.95,32000,1,WAV,True,
XC267501,XC267501.wav,16.28,32000,1,WAV,True,
XC267502,XC267502.wav,15.19,32000,1,WAV,True,
XC267509,XC267509.wav,17.18,32000,1,WAV,True,
XC267927,XC267927.wav,42.1,32000,1,WAV,True,
XC267948,XC267948.wav,38.85,32000,1,WAV,True,
XC267950,XC267950.wav,33.36,32000,1,WAV,True,
XC267952,XC267952.wav,35.94,32000,1,WAV,True,
XC267956,XC267956.wav,20.97,32000,1,WAV,True,
XC267958,XC267958.wav,16.02,32000,1,WAV,True,
XC267960,XC267960.wav,19.47,32000,1,WAV,True,
XC267970,XC267970.wav,3.9,32000,1,WAV,True,
XC267971,XC267971.wav,215.5,32000,1,WAV,True,
XC267974,XC267974.wav,49.82,32000,1,WAV,True,
XC267975,XC267975.wav,104.46,32000,1,WAV,True,
XC267976,XC267976.wav,186.94,32000,1,WAV,True,
XC267982,XC267982.wav,107.2,32000,1,WAV,True,
XC267986,XC267986.wav,11.94,32000,1,WAV,True,
XC268481,XC268481.wav,227.01,32000,1,WAV,True,
XC268646,XC268646.wav,26.75,32000,1,WAV,True,
XC268648,XC268648.wav,103.84,32000,1,WAV,True,
XC268649,XC268649.wav,290.06,32000,1,WAV,True,
XC268655,XC268655.wav,43.92,32000,1,WAV,True,
XC268658,XC268658.wav,7.52,32000,1,WAV,True,
XC268659,XC268659.wav,65.97,32000,1,WAV,True,
XC268755,XC268755.wav,9.75,32000,1,WAV,True,
XC268815,XC268815.wav,27.84,32000,1,WAV,True,
XC269062,XC269062.wav,100.36,32000,1,WAV,True,
XC269063,XC269063.wav,73.68,32000,1,WAV,True,
XC269082,XC269082.wav,51.12,32000,1,WAV,True,
XC269097,XC269097.wav,5.19,32000,1,WAV,True,
XC269473,XC269473.wav,422.11,32000,1,WAV,True,
XC269491,XC269491.wav,17.74,32000,1,WAV,True,
XC269493,XC269493.wav,6.9,32000,1,WAV,True,
XC269496,XC269496.wav,161.44,32000,1,WAV,True,
XC269518,XC269518.wav,261.82,32000,1,WAV,True,
XC269737,XC269737.wav,147.98,32000,1,WAV,True,
XC269738,XC269738.wav,226.88,32000,1,WAV,True,
XC269950,XC269950.wav,3.57,32000,1,WAV,True,
XC270181,XC270181.wav,26.94,32000,1,WAV,True,
XC270182,XC270182.wav,253.34,32000,1,WAV,True,
XC270187,XC270187.wav,236.82,32000,1,WAV,True,
XC270189,XC270189.wav,151.15,32000,1,WAV,True,
XC270192,XC270192.wav,186.53,32000,1,WAV,True,
XC270195,XC270195.wav,126.99,32000,1,WAV,True,
XC270198,XC270198.wav,20.56,32000,1,WAV,True,
XC271037,XC271037.wav,18.32,32000,1,WAV,True,
XC272153,XC272153.wav,53.87,32000,1,WAV,True,
XC272302,XC272302.wav,38.83,32000,1,WAV,True,
XC27277,XC27277.wav,91.66,32000,1,WAV,True,
XC27545,XC27545.wav,19.91,32000,1,WAV,True,
XC275582,XC275582.wav,38.0,32000,1,WAV,True,
XC275782,XC275782.wav,25.54,32000,1,WAV,True,
XC276906,XC276906.wav,8.32,32000,1,WAV,True,
XC276993,XC276993.wav,50.64,32000,1,WAV,True,
XC277126,XC277126.wav,27.73,32000,1,WAV,True,
XC277243,XC277243.wav,42.03,32000,1,WAV,True,
XC277334,XC277334.wav,9.98,32000,1,WAV,True,
XC277339,XC277339.wav,10.65,32000,1,WAV,True,
XC277505,XC277505.wav,7.66,32000,1,WAV,True,
XC277506,XC277506.wav,25.39,32000,1,WAV,True,
XC277508,XC277508.wav,18.8,32000,1,WAV,True,
XC277511,XC277511.wav,24.69,32000,1,WAV,True,
XC277523,XC277523.wav,15.63,32000,1,WAV,True,
XC277550,XC277550.wav,6.62,32000,1,WAV,True,
XC277553,XC277553.wav,32.1,32000,1,WAV,True,
XC277557,XC277557.wav,43.26,32000,1,WAV,True,
XC277562,XC277562.wav,98.51,32000,1,WAV,True,
XC277579,XC277579.wav,15.81,32000,1,WAV,True,
XC277582,XC277582.wav,34.64,32000,1,WAV,True,
XC277586,XC277586.wav,27.52,32000,1,WAV,True,
XC277590,XC277590.wav,21.06,32000,1,WAV,True,
XC277600,XC277600.wav,48.22,32000,1,WAV,True,
XC277601,XC277601.wav,23.66,32000,1,WAV,True,
XC277602,XC277602.wav,27.07,32000,1,WAV,True,
XC277603,XC277603.wav,65.47,32000,1,WAV,True,
XC277604,XC277604.wav,11.33,32000,1,WAV,True,
XC277605,XC277605.wav,128.56,32000,1,WAV,True,
XC277637,XC277637.wav,15.66,32000,1,WAV,True,
XC277676,XC277676.wav,13.94,32000,1,WAV,True,
XC277679,XC277679.wav,14.21,32000,1,WAV,True,
XC277742,XC277742.wav,211.68,32000,1,WAV,True,
XC277800,XC277800.wav,10.36,32000,1,WAV,True,
XC277921,XC277921.wav,2.42,32000,1,WAV,True,
XC277930,XC277930.wav,4.84,32000,1,WAV,True,
XC277932,XC277932.wav,9.97,32000,1,WAV,True,
XC277945,XC277945.wav,13.12,32000,1,WAV,True,
XC278000,XC278000.wav,7.06,32000,1,WAV,True,
XC278074,XC278074.wav,313.25,32000,1,WAV,True,
XC278099,XC278099.wav,16.73,32000,1,WAV,True,
XC278196,XC278196.wav,9.6,32000,1,WAV,True,
XC278350,XC278350.wav,8.42,32000,1,WAV,True,
XC278825,XC278825.wav,100.4,32000,1,WAV,True,
XC278827,XC278827.wav,23.95,32000,1,WAV,True,
XC278828,XC278828.wav,35.46,32000,1,WAV,True,
XC278925,XC278925.wav,32.69,32000,1,WAV,True,
XC278928,XC278928.wav,9.15,32000,1,WAV,True,
XC279018,XC279018.wav,10.93,32000,1,WAV,True,
XC279134,XC279134.wav,8.82,32000,1,WAV,True,
XC279138,XC279138.wav,8.35,32000,1,WAV,True,
XC279140,XC279140.wav,1.47,32000,1,WAV,True,
XC279142,XC279142.wav,1.43,32000,1,WAV,True,
XC279143,XC279143.wav,1.8,32000,1,WAV,True,
XC279667,XC279667.wav,14.31,32000,1,WAV,True,
XC279682,XC279682.wav,13.56,32000,1,WAV,True,
XC279719,XC279719.wav,15.64,32000,1,WAV,True,
XC279721,XC279721.wav,39.6,32000,1,WAV,True,
XC279723,XC279723.wav,10.34,32000,1,WAV,True,
XC279738,XC279738.wav,135.44,32000,1,WAV,True,
XC282093,XC282093.wav,33.41,32000,1,WAV,True,
XC282293,XC282293.wav,10.66,32000,1,WAV,True,
XC282294,XC282294.wav,16.58,32000,1,WAV,True,
XC282295,XC282295.wav,35.57,32000,1,WAV,True,
XC282296,XC282296.wav,15.61,32000,1,WAV,True,
XC282320,XC282320.wav,24.18,32000,1,WAV,True,
XC282410,XC282410.wav,26.04,32000,1,WAV,True,
XC282428,XC282428.wav,4.54,32000,1,WAV,True,
XC28267,XC28267.wav,4.29,32000,1,WAV,True,
XC282761,XC282761.wav,107.38,32000,1,WAV,True,
XC282797,XC282797.wav,13.39,32000,1,WAV,True,
XC282847,XC282847.wav,7.9,32000,1,WAV,True,
XC282849,XC282849.wav,12.65,32000,1,WAV,True,
XC282989,XC282989.wav,66.48,32000,1,WAV,True,
XC283162,XC283162.wav,35.94,32000,1,WAV,True,
XC283195,XC283195.wav,23.84,32000,1,WAV,True,
XC283396,XC283396.wav,5.46,32000,1,WAV,True,
XC283403,XC283403.wav,59.26,32000,1,WAV,True,
XC283406,XC283406.wav,13.43,32000,1,WAV,True,
XC283475,XC283475.wav,7.9,32000,1,WAV,True,
XC283536,XC283536.wav,18.82,32000,1,WAV,True,
XC283538,XC283538.wav,13.84,32000,1,WAV,True,
XC283540,XC283540.wav,16.64,32000,1,WAV,True,
XC283608,XC283608.wav,83.68,32000,1,WAV,True,
XC283622,XC283622.wav,47.78,32000,1,WAV,True,
XC283951,XC283951.wav,17.2,32000,1,WAV,True,
XC283953,XC283953.wav,30.91,32000,1,WAV,True,
XC284019,XC284019.wav,7.67,32000,1,WAV,True,
XC284020,XC284020.wav,4.68,32000,1,WAV,True,
XC284247,XC284247.wav,175.57,32000,1,WAV,True,
XC284485,XC284485.wav,105.53,32000,1,WAV,True,
XC284487,XC284487.wav,92.26,32000,1,WAV,True,
XC284492,XC284492.wav,52.27,32000,1,WAV,True,
XC284495,XC284495.wav,20.94,32000,1,WAV,True,
XC286399,XC286399.wav,90.35,32000,1,WAV,True,
XC286532,XC286532.wav,14.35,32000,1,WAV,True,
XC286592,XC286592.wav,26.13,32000,1,WAV,True,
XC286644,XC286644.wav,15.08,32000,1,WAV,True,
XC286838,XC286838.wav,56.35,32000,1,WAV,True,
XC286863,XC286863.wav,18.99,32000,1,WAV,True,
XC286946,XC286946.wav,43.25,32000,1,WAV,True,
XC287459,XC287459.wav,14.31,32000,1,WAV,True,
XC287461,XC287461.wav,66.35,32000,1,WAV,True,
XC287637,XC287637.wav,64.68,32000,1,WAV,True,
XC28786,XC28786.wav,48.17,32000,1,WAV,True,
XC287907,XC287907.wav,26.41,32000,1,WAV,True,
XC288338,XC288338.wav,48.05,32000,1,WAV,True,
XC288339,XC288339.wav,20.96,32000,1,WAV,True,
XC288343,XC288343.wav,12.11,32000,1,WAV,True,
XC288791,XC288791.wav,0.7,32000,1,WAV,True,
XC288983,XC288983.wav,29.42,32000,1,WAV,True,
XC288984,XC288984.wav,40.06,32000,1,WAV,True,
XC288988,XC288988.wav,11.14,32000,1,WAV,True,
XC288989,XC288989.wav,23.09,32000,1,WAV,True,
XC288994,XC288994.wav,18.21,32000,1,WAV,True,
XC289009,XC289009.wav,57.76,32000,1,WAV,True,
XC289011,XC289011.wav,15.18,32000,1,WAV,True,
XC289032,XC289032.wav,49.76,32000,1,WAV,True,
XC289049,XC289049.wav,38.61,32000,1,WAV,True,
XC289173,XC289173.wav,19.67,32000,1,WAV,True,
XC289177,XC289177.wav,13.98,32000,1,WAV,True,
XC289181,XC289181.wav,11.09,32000,1,WAV,True,
XC289226,XC289226.wav,63.79,32000,1,WAV,True,
XC289227,XC289227.wav,35.41,32000,1,WAV,True,
XC289357,XC289357.wav,7.58,32000,1,WAV,True,
XC289367,XC289367.wav,25.68,32000,1,WAV,True,
XC289663,XC289663.wav,36.15,32000,1,WAV,True,
XC290041,XC290041.wav,11.2,32000,1,WAV,True,
XC290042,XC290042.wav,38.94,32000,1,WAV,True,
XC290043,XC290043.wav,13.32,32000,1,WAV,True,
XC290046,XC290046.wav,13.49,32000,1,WAV,True,
XC290133,XC290133.wav,16.83,32000,1,WAV,True,
XC290148,XC290148.wav,5.3,32000,1,WAV,True,
XC290156,XC290156.wav,1.1,32000,1,WAV,True,
XC291048,XC291048.wav,3.36,32000,1,WAV,True,
XC291049,XC291049.wav,6.18,32000,1,WAV,True,
XC291050,XC291050.wav,18.91,32000,1,WAV,True,
XC291092,XC291092.wav,27.2,32000,1,WAV,True,
XC291107,XC291107.wav,13.26,32000,1,WAV,True,
XC291120,XC291120.wav,100.82,32000,1,WAV,True,
XC291223,XC291223.wav,25.26,32000,1,WAV,True,
XC291499,XC291499.wav,22.06,32000,1,WAV,True,
XC291617,XC291617.wav,15.03,32000,1,WAV,True,
XC291618,XC291618.wav,8.06,32000,1,WAV,True,
XC291919,XC291919.wav,20.98,32000,1,WAV,True,
XC292085,XC292085.wav,10.72,32000,1,WAV,True,
XC292274,XC292274.wav,10.46,32000,1,WAV,True,
XC292588,XC292588.wav,31.56,32000,1,WAV,True,
XC292673,XC292673.wav,7.53,32000,1,WAV,True,
XC292765,XC292765.wav,7.57,32000,1,WAV,True,
XC292859,XC292859.wav,32.78,32000,1,WAV,True,
XC292860,XC292860.wav,18.47,32000,1,WAV,True,
XC292919,XC292919.wav,5.3,32000,1,WAV,True,
XC293012,XC293012.wav,139.82,32000,1,WAV,True,
XC293013,XC293013.wav,93.47,32000,1,WAV,True,
XC293125,XC293125.wav,31.7,32000,1,WAV,True,
XC293130,XC293130.wav,1.06,32000,1,WAV,True,
XC293246,XC293246.wav,3.31,32000,1,WAV,True,
XC293250,XC293250.wav,68.96,32000,1,WAV,True,
XC293291,XC293291.wav,62.03,32000,1,WAV,True,
XC293435,XC293435.wav,14.0,32000,1,WAV,True,
XC293440,XC293440.wav,137.57,32000,1,WAV,True,
XC293615,XC293615.wav,65.76,32000,1,WAV,True,
XC293789,XC293789.wav,2.96,32000,1,WAV,True,
XC293803,XC293803.wav,83.42,32000,1,WAV,True,
XC293812,XC293812.wav,9.84,32000,1,WAV,True,
XC293898,XC293898.wav,17.36,32000,1,WAV,True,
XC293949,XC293949.wav,19.17,32000,1,WAV,True,
XC294126,XC294126.wav,15.55,32000,1,WAV,True,
XC294130,XC294130.wav,4.54,32000,1,WAV,True,
XC294136,XC294136.wav,16.53,32000,1,WAV,True,
XC294138,XC294138.wav,33.18,32000,1,WAV,True,
XC294191,XC294191.wav,18.0,32000,1,WAV,True,
XC294204,XC294204.wav,4.09,32000,1,WAV,True,
XC294242,XC294242.wav,15.09,32000,1,WAV,True,
XC294255,XC294255.wav,50.88,32000,1,WAV,True,
XC294256,XC294256.wav,12.96,32000,1,WAV,True,
XC294348,XC294348.wav,2.65,32000,1,WAV,True,
XC294424,XC294424.wav,10.69,32000,1,WAV,True,
XC294460,XC294460.wav,99.55,32000,1,WAV,True,
XC294764,XC294764.wav,3.17,32000,1,WAV,True,
XC295589,XC295589.wav,121.01,32000,1,WAV,True,
XC296027,XC296027.wav,4.71,32000,1,WAV,True,
XC296046,XC296046.wav,105.86,32000,1,WAV,True,
XC296156,XC296156.wav,14.38,32000,1,WAV,True,
XC296162,XC296162.wav,20.85,32000,1,WAV,True,
XC296164,XC296164.wav,161.26,32000,1,WAV,True,
XC296308,XC296308.wav,23.61,32000,1,WAV,True,
XC296398,XC296398.wav,77.81,32000,1,WAV,True,
XC296660,XC296660.wav,3.68,32000,1,WAV,True,
XC296725,XC296725.wav,77.95,32000,1,WAV,True,
XC296754,XC296754.wav,26.3,32000,1,WAV,True,
XC296883,XC296883.wav,21.84,32000,1,WAV,True,
XC296884,XC296884.wav,47.26,32000,1,WAV,True,
XC296886,XC296886.wav,38.43,32000,1,WAV,True,
XC296887,XC296887.wav,13.54,32000,1,WAV,True,
XC296888,XC296888.wav,16.75,32000,1,WAV,True,
XC296892,XC296892.wav,53.06,32000,1,WAV,True,
XC296918,XC296918.wav,14.6,32000,1,WAV,True,
XC296956,XC296956.wav,288.22,32000,1,WAV,True,
XC297296,XC297296.wav,19.67,32000,1,WAV,True,
XC297402,XC297402.wav,18.05,32000,1,WAV,True,
XC297404,XC297404.wav,83.34,32000,1,WAV,True,
XC297437,XC297437.wav,3.54,32000,1,WAV,True,
XC297440,XC297440.wav,12.6,32000,1,WAV,True,
XC297441,XC297441.wav,3.1,32000,1,WAV,True,
XC297468,XC297468.wav,17.55,32000,1,WAV,True,
XC297504,XC297504.wav,7.25,32000,1,WAV,True,
XC297533,XC297533.wav,14.08,32000,1,WAV,True,
XC297540,XC297540.wav,8.67,32000,1,WAV,True,
XC297543,XC297543.wav,17.58,32000,1,WAV,True,
XC297544,XC297544.wav,15.4,32000,1,WAV,True,
XC297550,XC297550.wav,8.26,32000,1,WAV,True,
XC297854,XC297854.wav,51.25,32000,1,WAV,True,
XC297982,XC297982.wav,64.54,32000,1,WAV,True,
XC298203,XC298203.wav,5.86,32000,1,WAV,True,
XC298362,XC298362.wav,35.84,32000,1,WAV,True,
XC298363,XC298363.wav,419.94,32000,1,WAV,True,
XC298379,XC298379.wav,46.02,32000,1,WAV,True,
XC298401,XC298401.wav,8.3,32000,1,WAV,True,
XC298451,XC298451.wav,43.33,32000,1,WAV,True,
XC298561,XC298561.wav,6.35,32000,1,WAV,True,
XC298663,XC298663.wav,7.6,32000,1,WAV,True,
XC298966,XC298966.wav,5.66,32000,1,WAV,True,
XC299017,XC299017.wav,54.59,32000,1,WAV,True,
XC299244,XC299244.wav,93.94,32000,1,WAV,True,
XC299357,XC299357.wav,14.54,32000,1,WAV,True,
XC299501,XC299501.wav,68.86,32000,1,WAV,True,
XC299602,XC299602.wav,35.76,32000,1,WAV,True,
XC299725,XC299725.wav,46.85,32000,1,WAV,True,
XC299852,XC299852.wav,19.33,32000,1,WAV,True,
XC300049,XC300049.wav,16.13,32000,1,WAV,True,
XC300056,XC300056.wav,35.34,32000,1,WAV,True,
XC301528,XC301528.wav,25.81,32000,1,WAV,True,
XC301529,XC301529.wav,21.63,32000,1,WAV,True,
XC301672,XC301672.wav,42.57,32000,1,WAV,True,
XC301714,XC301714.wav,23.23,32000,1,WAV,True,
XC301715,XC301715.wav,3.08,32000,1,WAV,True,
XC301850,XC301850.wav,10.56,32000,1,WAV,True,
XC301854,XC301854.wav,337.58,32000,1,WAV,True,
XC302170,XC302170.wav,16.03,32000,1,WAV,True,
XC302249,XC302249.wav,38.9,32000,1,WAV,True,
XC302253,XC302253.wav,63.6,32000,1,WAV,True,
XC302256,XC302256.wav,31.39,32000,1,WAV,True,
XC302322,XC302322.wav,214.44,32000,1,WAV,True,
XC302517,XC302517.wav,41.94,32000,1,WAV,True,
XC302540,XC302540.wav,45.92,32000,1,WAV,True,
XC302542,XC302542.wav,13.25,32000,1,WAV,True,
XC302548,XC302548.wav,14.54,32000,1,WAV,True,
XC302549,XC302549.wav,44.02,32000,1,WAV,True,
XC302551,XC302551.wav,60.4,32000,1,WAV,True,
XC302573,XC302573.wav,47.89,32000,1,WAV,True,
XC302644,XC302644.wav,29.31,32000,1,WAV,True,
XC302953,XC302953.wav,3.73,32000,1,WAV,True,
XC303471,XC303471.wav,1.01,32000,1,WAV,True,
XC304269,XC304269.wav,13.56,32000,1,WAV,True,
XC304270,XC304270.wav,15.7,32000,1,WAV,True,
XC304441,XC304441.wav,8.13,32000,1,WAV,True,
XC304446,XC304446.wav,18.83,32000,1,WAV,True,
XC304534,XC304534.wav,66.86,32000,1,WAV,True,
XC304582,XC304582.wav,9.1,32000,1,WAV,True,
XC304643,XC304643.wav,11.58,32000,1,WAV,True,
XC304644,XC304644.wav,57.68,32000,1,WAV,True,
XC304674,XC304674.wav,44.56,32000,1,WAV,True,
XC304676,XC304676.wav,18.29,32000,1,WAV,True,
XC304677,XC304677.wav,5.1,32000,1,WAV,True,
XC304679,XC304679.wav,14.5,32000,1,WAV,True,
XC304680,XC304680.wav,34.19,32000,1,WAV,True,
XC304681,XC304681.wav,121.7,32000,1,WAV,True,
XC304789,XC304789.wav,30.75,32000,1,WAV,True,
XC304790,XC304790.wav,15.01,32000,1,WAV,True,
XC304798,XC304798.wav,48.65,32000,1,WAV,True,
XC304800,XC304800.wav,89.57,32000,1,WAV,True,
XC304801,XC304801.wav,68.24,32000,1,WAV,True,
XC304877,XC304877.wav,132.99,32000,1,WAV,True,
XC304879,XC304879.wav,7.65,32000,1,WAV,True,
XC304931,XC304931.wav,11.36,32000,1,WAV,True,
XC305019,XC305019.wav,2.37,32000,1,WAV,True,
XC305020,XC305020.wav,1.67,32000,1,WAV,True,
XC305022,XC305022.wav,1.99,32000,1,WAV,True,
XC305023,XC305023.wav,1.79,32000,1,WAV,True,
XC305276,XC305276.wav,1.95,32000,1,WAV,True,
XC305762,XC305762.wav,24.56,32000,1,WAV,True,
XC305798,XC305798.wav,24.3,32000,1,WAV,True,
XC305799,XC305799.wav,27.6,32000,1,WAV,True,
XC305888,XC305888.wav,264.38,32000,1,WAV,True,
XC305896,XC305896.wav,554.05,32000,1,WAV,True,
XC306127,XC306127.wav,54.31,32000,1,WAV,True,
XC306142,XC306142.wav,39.38,32000,1,WAV,True,
XC306144,XC306144.wav,8.71,32000,1,WAV,True,
XC306327,XC306327.wav,9.11,32000,1,WAV,True,
XC306348,XC306348.wav,366.4,32000,1,WAV,True,
XC306351,XC306351.wav,56.26,32000,1,WAV,True,
XC306387,XC306387.wav,39.34,32000,1,WAV,True,
XC306388,XC306388.wav,73.82,32000,1,WAV,True,
XC306410,XC306410.wav,118.96,32000,1,WAV,True,
XC306438,XC306438.wav,24.66,32000,1,WAV,True,
XC306498,XC306498.wav,51.63,32000,1,WAV,True,
XC306584,XC306584.wav,3.42,32000,1,WAV,True,
XC306680,XC306680.wav,43.95,32000,1,WAV,True,
XC306856,XC306856.wav,19.03,32000,1,WAV,True,
XC307016,XC307016.wav,6.75,32000,1,WAV,True,
XC307295,XC307295.wav,20.83,32000,1,WAV,True,
XC307445,XC307445.wav,13.76,32000,1,WAV,True,
XC307484,XC307484.wav,54.65,32000,1,WAV,True,
XC307686,XC307686.wav,108.66,32000,1,WAV,True,
XC307817,XC307817.wav,53.68,32000,1,WAV,True,
XC307863,XC307863.wav,55.95,32000,1,WAV,True,
XC308017,XC308017.wav,63.13,32000,1,WAV,True,
XC308295,XC308295.wav,105.69,32000,1,WAV,True,
XC308302,XC308302.wav,9.79,32000,1,WAV,True,
XC308404,XC308404.wav,14.87,32000,1,WAV,True,
XC308434,XC308434.wav,5.15,32000,1,WAV,True,
XC308474,XC308474.wav,3.54,32000,1,WAV,True,
XC308580,XC308580.wav,32.6,32000,1,WAV,True,
XC308711,XC308711.wav,29.78,32000,1,WAV,True,
XC308712,XC308712.wav,16.94,32000,1,WAV,True,
XC308762,XC308762.wav,48.3,32000,1,WAV,True,
XC309039,XC309039.wav,24.93,32000,1,WAV,True,
XC309042,XC309042.wav,12.16,32000,1,WAV,True,
XC309043,XC309043.wav,7.86,32000,1,WAV,True,
XC309194,XC309194.wav,17.63,32000,1,WAV,True,
XC309315,XC309315.wav,2.15,32000,1,WAV,True,
XC309318,XC309318.wav,108.67,32000,1,WAV,True,
XC309321,XC309321.wav,52.21,32000,1,WAV,True,
XC309322,XC309322.wav,17.81,32000,1,WAV,True,
XC309325,XC309325.wav,28.88,32000,1,WAV,True,
XC309326,XC309326.wav,27.58,32000,1,WAV,True,
XC309337,XC309337.wav,80.75,32000,1,WAV,True,
XC309454,XC309454.wav,2.02,32000,1,WAV,True,
XC309534,XC309534.wav,19.72,32000,1,WAV,True,
XC309636,XC309636.wav,24.89,32000,1,WAV,True,
XC309641,XC309641.wav,7.49,32000,1,WAV,True,
XC309672,XC309672.wav,3.13,32000,1,WAV,True,
XC309697,XC309697.wav,93.6,32000,1,WAV,True,
XC309889,XC309889.wav,44.38,32000,1,WAV,True,
XC309923,XC309923.wav,188.73,32000,1,WAV,True,
XC309926,XC309926.wav,66.14,32000,1,WAV,True,
XC309928,XC309928.wav,33.39,32000,1,WAV,True,
XC309931,XC309931.wav,18.46,32000,1,WAV,True,
XC309933,XC309933.wav,38.08,32000,1,WAV,True,
XC309994,XC309994.wav,22.77,32000,1,WAV,True,
XC309995,XC309995.wav,10.26,32000,1,WAV,True,
XC309996,XC309996.wav,5.22,32000,1,WAV,True,
XC309997,XC309997.wav,11.47,32000,1,WAV,True,
XC309998,XC309998.wav,35.2,32000,1,WAV,True,
XC310044,XC310044.wav,24.05,32000,1,WAV,True,
XC310045,XC310045.wav,11.71,32000,1,WAV,True,
XC310046,XC310046.wav,0.46,32000,1,WAV,True,
XC310047,XC310047.wav,4.41,32000,1,WAV,True,
XC31010,XC31010.wav,39.76,32000,1,WAV,True,
XC31011,XC31011.wav,20.74,32000,1,WAV,True,
XC31012,XC31012.wav,66.77,32000,1,WAV,True,
XC310198,XC310198.wav,62.84,32000,1,WAV,True,
XC310199,XC310199.wav,35.22,32000,1,WAV,True,
XC310200,XC310200.wav,78.55,32000,1,WAV,True,
XC31023,XC31023.wav,21.59,32000,1,WAV,True,
XC310243,XC310243.wav,6.93,32000,1,WAV,True,
XC310256,XC310256.wav,26.21,32000,1,WAV,True,
XC310262,XC310262.wav,25.48,32000,1,WAV,True,
XC31031,XC31031.wav,4.5,32000,1,WAV,True,
XC31047,XC31047.wav,13.57,32000,1,WAV,True,
XC31049,XC31049.wav,5.46,32000,1,WAV,True,
XC31060,XC31060.wav,53.86,32000,1,WAV,True,
XC310670,XC310670.wav,13.5,32000,1,WAV,True,
XC310840,XC310840.wav,23.04,32000,1,WAV,True,
XC310909,XC310909.wav,0.71,32000,1,WAV,True,
XC310933,XC310933.wav,5.8,32000,1,WAV,True,
XC311050,XC311050.wav,20.32,32000,1,WAV,True,
XC311051,XC311051.wav,193.2,32000,1,WAV,True,
XC311053,XC311053.wav,219.6,32000,1,WAV,True,
XC31114,XC31114.wav,19.22,32000,1,WAV,True,
XC31116,XC31116.wav,1.9,32000,1,WAV,True,
XC31117,XC31117.wav,3.9,32000,1,WAV,True,
XC31123,XC31123.wav,68.3,32000,1,WAV,True,
XC31124,XC31124.wav,14.91,32000,1,WAV,True,
XC31125,XC31125.wav,32.52,32000,1,WAV,True,
XC31126,XC31126.wav,28.72,32000,1,WAV,True,
XC31127,XC31127.wav,5.36,32000,1,WAV,True,
XC31128,XC31128.wav,50.28,32000,1,WAV,True,
XC311563,XC311563.wav,16.64,32000,1,WAV,True,
XC311564,XC311564.wav,23.22,32000,1,WAV,True,
XC311622,XC311622.wav,25.02,32000,1,WAV,True,
XC311623,XC311623.wav,18.17,32000,1,WAV,True,
XC311624,XC311624.wav,15.82,32000,1,WAV,True,
XC31180,XC31180.wav,71.25,32000,1,WAV,True,
XC311813,XC311813.wav,31.92,32000,1,WAV,True,
XC311816,XC311816.wav,59.74,32000,1,WAV,True,
XC311850,XC311850.wav,11.05,32000,1,WAV,True,
XC311852,XC311852.wav,38.47,32000,1,WAV,True,
XC311958,XC311958.wav,6.43,32000,1,WAV,True,
XC311959,XC311959.wav,9.87,32000,1,WAV,True,
XC31202,XC31202.wav,2.64,32000,1,WAV,True,
XC31203,XC31203.wav,14.32,32000,1,WAV,True,
XC31204,XC31204.wav,7.8,32000,1,WAV,True,
XC31205,XC31205.wav,7.46,32000,1,WAV,True,
XC31206,XC31206.wav,5.46,32000,1,WAV,True,
XC312212,XC312212.wav,21.24,32000,1,WAV,True,
XC312258,XC312258.wav,70.29,32000,1,WAV,True,
XC312529,XC312529.wav,33.02,32000,1,WAV,True,
XC312705,XC312705.wav,8.85,32000,1,WAV,True,
XC312710,XC312710.wav,8.08,32000,1,WAV,True,
XC312718,XC312718.wav,37.84,32000,1,WAV,True,
XC312752,XC312752.wav,299.7,32000,1,WAV,True,
XC312946,XC312946.wav,96.51,32000,1,WAV,True,
XC312954,XC312954.wav,24.38,32000,1,WAV,True,
XC313062,XC313062.wav,6.43,32000,1,WAV,True,
XC313063,XC313063.wav,8.22,32000,1,WAV,True,
XC313064,XC313064.wav,9.0,32000,1,WAV,True,
XC313065,XC313065.wav,78.66,32000,1,WAV,True,
XC31308,XC31308.wav,68.6,32000,1,WAV,True,
XC31312,XC31312.wav,27.39,32000,1,WAV,True,
XC31313,XC31313.wav,8.96,32000,1,WAV,True,
XC31314,XC31314.wav,21.0,32000,1,WAV,True,
XC31315,XC31315.wav,49.55,32000,1,WAV,True,
XC313156,XC313156.wav,86.53,32000,1,WAV,True,
XC31316,XC31316.wav,73.89,32000,1,WAV,True,
XC313166,XC313166.wav,29.65,32000,1,WAV,True,
XC313220,XC313220.wav,26.38,32000,1,WAV,True,
XC313272,XC313272.wav,7.38,32000,1,WAV,True,
XC313273,XC313273.wav,22.75,32000,1,WAV,True,
XC313351,XC313351.wav,33.14,32000,1,WAV,True,
XC313352,XC313352.wav,11.6,32000,1,WAV,True,
XC313353,XC313353.wav,33.36,32000,1,WAV,True,
XC313387,XC313387.wav,35.49,32000,1,WAV,True,
XC313418,XC313418.wav,34.85,32000,1,WAV,True,
XC313463,XC313463.wav,22.51,32000,1,WAV,True,
XC313464,XC313464.wav,43.92,32000,1,WAV,True,
XC313482,XC313482.wav,98.85,32000,1,WAV,True,
XC313507,XC313507.wav,45.6,32000,1,WAV,True,
XC313532,XC313532.wav,20.93,32000,1,WAV,True,
XC313533,XC313533.wav,5.23,32000,1,WAV,True,
XC313534,XC313534.wav,67.66,32000,1,WAV,True,
XC313677,XC313677.wav,12.64,32000,1,WAV,True,
XC313678,XC313678.wav,40.03,32000,1,WAV,True,
XC313679,XC313679.wav,13.84,32000,1,WAV,True,
XC313680,XC313680.wav,9.98,32000,1,WAV,True,
XC313681,XC313681.wav,14.69,32000,1,WAV,True,
XC313736,XC313736.wav,61.39,32000,1,WAV,True,
XC313737,XC313737.wav,43.34,32000,1,WAV,True,
XC313739,XC313739.wav,11.89,32000,1,WAV,True,
XC313741,XC313741.wav,14.16,32000,1,WAV,True,
XC313760,XC313760.wav,47.04,32000,1,WAV,True,
XC313762,XC313762.wav,26.75,32000,1,WAV,True,
XC313866,XC313866.wav,6.5,32000,1,WAV,True,
XC313870,XC313870.wav,44.05,32000,1,WAV,True,
XC313871,XC313871.wav,38.61,32000,1,WAV,True,
XC313877,XC313877.wav,58.51,32000,1,WAV,True,
XC314086,XC314086.wav,49.92,32000,1,WAV,True,
XC314099,XC314099.wav,11.59,32000,1,WAV,True,
XC314138,XC314138.wav,17.53,32000,1,WAV,True,
XC314228,XC314228.wav,33.52,32000,1,WAV,True,
XC314298,XC314298.wav,28.88,32000,1,WAV,True,
XC314301,XC314301.wav,9.44,32000,1,WAV,True,
XC314413,XC314413.wav,60.35,32000,1,WAV,True,
XC314418,XC314418.wav,20.72,32000,1,WAV,True,
XC314525,XC314525.wav,7.33,32000,1,WAV,True,
XC314647,XC314647.wav,2.0,32000,1,WAV,True,
XC314681,XC314681.wav,148.26,32000,1,WAV,True,
XC31481,XC31481.wav,15.05,32000,1,WAV,True,
XC314839,XC314839.wav,10.18,32000,1,WAV,True,
XC314840,XC314840.wav,16.94,32000,1,WAV,True,
XC314874,XC314874.wav,13.49,32000,1,WAV,True,
XC314875,XC314875.wav,11.01,32000,1,WAV,True,
XC314923,XC314923.wav,5.94,32000,1,WAV,True,
XC314933,XC314933.wav,21.49,32000,1,WAV,True,
XC314950,XC314950.wav,43.34,32000,1,WAV,True,
XC315082,XC315082.wav,24.1,32000,1,WAV,True,
XC315083,XC315083.wav,23.6,32000,1,WAV,True,
XC315084,XC315084.wav,43.42,32000,1,WAV,True,
XC315101,XC315101.wav,93.76,32000,1,WAV,True,
XC315204,XC315204.wav,95.18,32000,1,WAV,True,
XC315210,XC315210.wav,2.0,32000,1,WAV,True,
XC315228,XC315228.wav,85.03,32000,1,WAV,True,
XC315277,XC315277.wav,106.88,32000,1,WAV,True,
XC315279,XC315279.wav,24.94,32000,1,WAV,True,
XC315291,XC315291.wav,2.25,32000,1,WAV,True,
XC315294,XC315294.wav,20.45,32000,1,WAV,True,
XC315295,XC315295.wav,25.89,32000,1,WAV,True,
XC315299,XC315299.wav,27.71,32000,1,WAV,True,
XC315312,XC315312.wav,40.19,32000,1,WAV,True,
XC315314,XC315314.wav,96.35,32000,1,WAV,True,
XC315359,XC315359.wav,28.95,32000,1,WAV,True,
XC315463,XC315463.wav,6.53,32000,1,WAV,True,
XC315579,XC315579.wav,38.12,32000,1,WAV,True,
XC315598,XC315598.wav,11.68,32000,1,WAV,True,
XC315610,XC315610.wav,374.6,32000,1,WAV,True,
XC315688,XC315688.wav,33.81,32000,1,WAV,True,
XC315704,XC315704.wav,58.75,32000,1,WAV,True,
XC315711,XC315711.wav,7.13,32000,1,WAV,True,
XC315747,XC315747.wav,15.26,32000,1,WAV,True,
XC315750,XC315750.wav,6.37,32000,1,WAV,True,
XC315755,XC315755.wav,90.45,32000,1,WAV,True,
XC315756,XC315756.wav,16.64,32000,1,WAV,True,
XC315780,XC315780.wav,16.85,32000,1,WAV,True,
XC316009,XC316009.wav,17.2,32000,1,WAV,True,
XC316044,XC316044.wav,38.39,32000,1,WAV,True,
XC316102,XC316102.wav,85.03,32000,1,WAV,True,
XC316162,XC316162.wav,11.42,32000,1,WAV,True,
XC316228,XC316228.wav,2.88,32000,1,WAV,True,
XC316287,XC316287.wav,5.66,32000,1,WAV,True,
XC316302,XC316302.wav,36.27,32000,1,WAV,True,
XC316436,XC316436.wav,148.48,32000,1,WAV,True,
XC316666,XC316666.wav,29.22,32000,1,WAV,True,
XC316667,XC316667.wav,83.66,32000,1,WAV,True,
XC31670,XC31670.wav,4.13,32000,1,WAV,True,
XC316720,XC316720.wav,71.63,32000,1,WAV,True,
XC316998,XC316998.wav,25.63,32000,1,WAV,True,
XC317040,XC317040.wav,18.06,32000,1,WAV,True,
XC317079,XC317079.wav,50.73,32000,1,WAV,True,
XC317084,XC317084.wav,24.4,32000,1,WAV,True,
XC317112,XC317112.wav,244.83,32000,1,WAV,True,
XC317114,XC317114.wav,49.9,32000,1,WAV,True,
XC317205,XC317205.wav,27.35,32000,1,WAV,True,
XC317206,XC317206.wav,4.17,32000,1,WAV,True,
XC317245,XC317245.wav,36.14,32000,1,WAV,True,
XC317288,XC317288.wav,9.26,32000,1,WAV,True,
XC317472,XC317472.wav,26.91,32000,1,WAV,True,
XC317542,XC317542.wav,46.85,32000,1,WAV,True,
XC317544,XC317544.wav,28.64,32000,1,WAV,True,
XC317727,XC317727.wav,85.94,32000,1,WAV,True,
XC317728,XC317728.wav,168.39,32000,1,WAV,True,
XC317729,XC317729.wav,69.36,32000,1,WAV,True,
XC317730,XC317730.wav,101.86,32000,1,WAV,True,
XC317757,XC317757.wav,2.27,32000,1,WAV,True,
XC317864,XC317864.wav,42.5,32000,1,WAV,True,
XC317903,XC317903.wav,11.06,32000,1,WAV,True,
XC317904,XC317904.wav,59.31,32000,1,WAV,True,
XC317961,XC317961.wav,10.83,32000,1,WAV,True,
XC317972,XC317972.wav,6.16,32000,1,WAV,True,
XC318001,XC318001.wav,28.92,32000,1,WAV,True,
XC318014,XC318014.wav,37.87,32000,1,WAV,True,
XC318019,XC318019.wav,129.6,32000,1,WAV,True,
XC318131,XC318131.wav,50.59,32000,1,WAV,True,
XC318152,XC318152.wav,7.52,32000,1,WAV,True,
XC318261,XC318261.wav,68.34,32000,1,WAV,True,
XC318283,XC318283.wav,8.21,32000,1,WAV,True,
XC318331,XC318331.wav,50.3,32000,1,WAV,True,
XC318332,XC318332.wav,114.1,32000,1,WAV,True,
XC318349,XC318349.wav,17.66,32000,1,WAV,True,
XC318350,XC318350.wav,42.43,32000,1,WAV,True,
XC318365,XC318365.wav,49.92,32000,1,WAV,True,
XC318444,XC318444.wav,30.43,32000,1,WAV,True,
XC318456,XC318456.wav,54.75,32000,1,WAV,True,
XC318459,XC318459.wav,62.45,32000,1,WAV,True,
XC318488,XC318488.wav,11.62,32000,1,WAV,True,
XC318677,XC318677.wav,49.95,32000,1,WAV,True,
XC318680,XC318680.wav,9.97,32000,1,WAV,True,
XC318748,XC318748.wav,12.58,32000,1,WAV,True,
XC318808,XC318808.wav,42.82,32000,1,WAV,True,
XC318899,XC318899.wav,14.86,32000,1,WAV,True,
XC318915,XC318915.wav,220.03,32000,1,WAV,True,
XC319017,XC319017.wav,6.28,32000,1,WAV,True,
XC319022,XC319022.wav,137.84,32000,1,WAV,True,
XC319024,XC319024.wav,101.24,32000,1,WAV,True,
XC319181,XC319181.wav,32.72,32000,1,WAV,True,
XC319246,XC319246.wav,51.98,32000,1,WAV,True,
XC319372,XC319372.wav,24.45,32000,1,WAV,True,
XC319430,XC319430.wav,16.46,32000,1,WAV,True,
XC319431,XC319431.wav,41.21,32000,1,WAV,True,
XC319516,XC319516.wav,31.74,32000,1,WAV,True,
XC319716,XC319716.wav,15.25,32000,1,WAV,True,
XC319721,XC319721.wav,19.23,32000,1,WAV,True,
XC319722,XC319722.wav,29.79,32000,1,WAV,True,
XC319836,XC319836.wav,496.01,32000,1,WAV,True,
XC319839,XC319839.wav,34.48,32000,1,WAV,True,
XC319844,XC319844.wav,35.33,32000,1,WAV,True,
XC319908,XC319908.wav,2.32,32000,1,WAV,True,
XC319937,XC319937.wav,14.18,32000,1,WAV,True,
XC319938,XC319938.wav,20.88,32000,1,WAV,True,
XC320057,XC320057.wav,9.47,32000,1,WAV,True,
XC320099,XC320099.wav,9.34,32000,1,WAV,True,
XC32024,XC32024.wav,17.7,32000,1,WAV,True,
XC320269,XC320269.wav,11.67,32000,1,WAV,True,
XC320357,XC320357.wav,15.12,32000,1,WAV,True,
XC320361,XC320361.wav,104.8,32000,1,WAV,True,
XC320376,XC320376.wav,27.1,32000,1,WAV,True,
XC320377,XC320377.wav,122.98,32000,1,WAV,True,
XC320383,XC320383.wav,27.18,32000,1,WAV,True,
XC320472,XC320472.wav,22.05,32000,1,WAV,True,
XC320485,XC320485.wav,69.84,32000,1,WAV,True,
XC320488,XC320488.wav,95.02,32000,1,WAV,True,
XC320503,XC320503.wav,14.19,32000,1,WAV,True,
XC320578,XC320578.wav,5.81,32000,1,WAV,True,
XC320711,XC320711.wav,420.11,32000,1,WAV,True,
XC320720,XC320720.wav,7.43,32000,1,WAV,True,
XC320846,XC320846.wav,26.12,32000,1,WAV,True,
XC320886,XC320886.wav,12.91,32000,1,WAV,True,
XC321208,XC321208.wav,13.76,32000,1,WAV,True,
XC321212,XC321212.wav,122.03,32000,1,WAV,True,
XC321344,XC321344.wav,40.24,32000,1,WAV,True,
XC321389,XC321389.wav,31.73,32000,1,WAV,True,
XC321397,XC321397.wav,117.64,32000,1,WAV,True,
XC321497,XC321497.wav,37.07,32000,1,WAV,True,
XC321529,XC321529.wav,11.82,32000,1,WAV,True,
XC321550,XC321550.wav,33.3,32000,1,WAV,True,
XC321551,XC321551.wav,9.3,32000,1,WAV,True,
XC321552,XC321552.wav,6.9,32000,1,WAV,True,
XC321631,XC321631.wav,282.89,32000,1,WAV,True,
XC321636,XC321636.wav,36.26,32000,1,WAV,True,
XC321638,XC321638.wav,42.86,32000,1,WAV,True,
XC321692,XC321692.wav,69.98,32000,1,WAV,True,
XC321715,XC321715.wav,32.08,32000,1,WAV,True,
XC321729,XC321729.wav,6.84,32000,1,WAV,True,
XC321730,XC321730.wav,14.55,32000,1,WAV,True,
XC321731,XC321731.wav,41.53,32000,1,WAV,True,
XC321732,XC321732.wav,13.3,32000,1,WAV,True,
XC321761,XC321761.wav,5.13,32000,1,WAV,True,
XC321768,XC321768.wav,8.74,32000,1,WAV,True,
XC321814,XC321814.wav,91.68,32000,1,WAV,True,
XC321817,XC321817.wav,32.29,32000,1,WAV,True,
XC32182,XC32182.wav,14.75,32000,1,WAV,True,
XC32183,XC32183.wav,10.89,32000,1,WAV,True,
XC32184,XC32184.wav,9.04,32000,1,WAV,True,
XC322227,XC322227.wav,37.78,32000,1,WAV,True,
XC322292,XC322292.wav,33.17,32000,1,WAV,True,
XC322426,XC322426.wav,102.27,32000,1,WAV,True,
XC322444,XC322444.wav,23.66,32000,1,WAV,True,
XC322478,XC322478.wav,143.71,32000,1,WAV,True,
XC322479,XC322479.wav,57.44,32000,1,WAV,True,
XC322480,XC322480.wav,38.37,32000,1,WAV,True,
XC322481,XC322481.wav,12.21,32000,1,WAV,True,
XC322488,XC322488.wav,23.62,32000,1,WAV,True,
XC322490,XC322490.wav,1.26,32000,1,WAV,True,
XC322601,XC322601.wav,57.89,32000,1,WAV,True,
XC322604,XC322604.wav,216.19,32000,1,WAV,True,
XC322605,XC322605.wav,6.14,32000,1,WAV,True,
XC322609,XC322609.wav,36.7,32000,1,WAV,True,
XC322611,XC322611.wav,42.0,32000,1,WAV,True,
XC322618,XC322618.wav,36.34,32000,1,WAV,True,
XC322621,XC322621.wav,6.85,32000,1,WAV,True,
XC322623,XC322623.wav,25.26,32000,1,WAV,True,
XC322626,XC322626.wav,181.9,32000,1,WAV,True,
XC322630,XC322630.wav,4.13,32000,1,WAV,True,
XC322633,XC322633.wav,20.0,32000,1,WAV,True,
XC322635,XC322635.wav,29.71,32000,1,WAV,True,
XC322637,XC322637.wav,26.69,32000,1,WAV,True,
XC322639,XC322639.wav,27.79,32000,1,WAV,True,
XC322763,XC322763.wav,38.06,32000,1,WAV,True,
XC323143,XC323143.wav,222.8,32000,1,WAV,True,
XC323185,XC323185.wav,71.74,32000,1,WAV,True,
XC323193,XC323193.wav,102.9,32000,1,WAV,True,
XC323200,XC323200.wav,109.68,32000,1,WAV,True,
XC323220,XC323220.wav,8.9,32000,1,WAV,True,
XC323246,XC323246.wav,38.22,32000,1,WAV,True,
XC323253,XC323253.wav,69.5,32000,1,WAV,True,
XC323308,XC323308.wav,8.74,32000,1,WAV,True,
XC323471,XC323471.wav,32.05,32000,1,WAV,True,
XC323472,XC323472.wav,102.28,32000,1,WAV,True,
XC323474,XC323474.wav,116.05,32000,1,WAV,True,
XC323476,XC323476.wav,219.36,32000,1,WAV,True,
XC323488,XC323488.wav,95.95,32000,1,WAV,True,
XC323704,XC323704.wav,40.94,32000,1,WAV,True,
XC323974,XC323974.wav,17.66,32000,1,WAV,True,
XC323975,XC323975.wav,208.66,32000,1,WAV,True,
XC323977,XC323977.wav,98.59,32000,1,WAV,True,
XC323979,XC323979.wav,39.31,32000,1,WAV,True,
XC323981,XC323981.wav,46.03,32000,1,WAV,True,
XC324243,XC324243.wav,48.64,32000,1,WAV,True,
XC324272,XC324272.wav,181.5,32000,1,WAV,True,
XC324278,XC324278.wav,20.35,32000,1,WAV,True,
XC324344,XC324344.wav,18.07,32000,1,WAV,True,
XC324394,XC324394.wav,30.99,32000,1,WAV,True,
XC324402,XC324402.wav,2.93,32000,1,WAV,True,
XC324443,XC324443.wav,7.23,32000,1,WAV,True,
XC324448,XC324448.wav,29.61,32000,1,WAV,True,
XC324480,XC324480.wav,133.93,32000,1,WAV,True,
XC324483,XC324483.wav,183.56,32000,1,WAV,True,
XC324485,XC324485.wav,3.76,32000,1,WAV,True,
XC324488,XC324488.wav,8.16,32000,1,WAV,True,
XC324491,XC324491.wav,164.35,32000,1,WAV,True,
XC324495,XC324495.wav,57.36,32000,1,WAV,True,
XC324505,XC324505.wav,14.85,32000,1,WAV,True,
XC324509,XC324509.wav,6.61,32000,1,WAV,True,
XC324558,XC324558.wav,9.1,32000,1,WAV,True,
XC324577,XC324577.wav,11.68,32000,1,WAV,True,
XC324581,XC324581.wav,38.24,32000,1,WAV,True,
XC324820,XC324820.wav,20.42,32000,1,WAV,True,
XC324865,XC324865.wav,52.35,32000,1,WAV,True,
XC324946,XC324946.wav,116.53,32000,1,WAV,True,
XC324947,XC324947.wav,59.86,32000,1,WAV,True,
XC324986,XC324986.wav,58.59,32000,1,WAV,True,
XC324996,XC324996.wav,8.08,32000,1,WAV,True,
XC325000,XC325000.wav,63.62,32000,1,WAV,True,
XC325013,XC325013.wav,7.68,32000,1,WAV,True,
XC325093,XC325093.wav,87.07,32000,1,WAV,True,
XC325094,XC325094.wav,34.06,32000,1,WAV,True,
XC325096,XC325096.wav,6.27,32000,1,WAV,True,
XC325098,XC325098.wav,40.93,32000,1,WAV,True,
XC325137,XC325137.wav,59.02,32000,1,WAV,True,
XC325191,XC325191.wav,31.92,32000,1,WAV,True,
XC32520,XC32520.wav,35.04,32000,1,WAV,True,
XC325225,XC325225.wav,17.12,32000,1,WAV,True,
XC325229,XC325229.wav,10.97,32000,1,WAV,True,
XC325262,XC325262.wav,94.9,32000,1,WAV,True,
XC325263,XC325263.wav,12.82,32000,1,WAV,True,
XC325266,XC325266.wav,23.14,32000,1,WAV,True,
XC325267,XC325267.wav,88.18,32000,1,WAV,True,
XC325321,XC325321.wav,10.09,32000,1,WAV,True,
XC325322,XC325322.wav,46.04,32000,1,WAV,True,
XC325344,XC325344.wav,12.77,32000,1,WAV,True,
XC325347,XC325347.wav,48.75,32000,1,WAV,True,
XC325371,XC325371.wav,5.54,32000,1,WAV,True,
XC325415,XC325415.wav,14.92,32000,1,WAV,True,
XC325432,XC325432.wav,8.52,32000,1,WAV,True,
XC325435,XC325435.wav,547.58,32000,1,WAV,True,
XC325473,XC325473.wav,46.19,32000,1,WAV,True,
XC325494,XC325494.wav,19.73,32000,1,WAV,True,
XC325510,XC325510.wav,10.07,32000,1,WAV,True,
XC325511,XC325511.wav,14.28,32000,1,WAV,True,
XC325659,XC325659.wav,35.58,32000,1,WAV,True,
XC325696,XC325696.wav,22.34,32000,1,WAV,True,
XC325810,XC325810.wav,29.74,32000,1,WAV,True,
XC325935,XC325935.wav,18.52,32000,1,WAV,True,
XC325943,XC325943.wav,61.49,32000,1,WAV,True,
XC326246,XC326246.wav,10.13,32000,1,WAV,True,
XC326247,XC326247.wav,13.99,32000,1,WAV,True,
XC326272,XC326272.wav,17.53,32000,1,WAV,True,
XC326495,XC326495.wav,110.15,32000,1,WAV,True,
XC326496,XC326496.wav,18.7,32000,1,WAV,True,
XC326540,XC326540.wav,16.06,32000,1,WAV,True,
XC326542,XC326542.wav,9.74,32000,1,WAV,True,
XC326590,XC326590.wav,59.94,32000,1,WAV,True,
XC326721,XC326721.wav,29.91,32000,1,WAV,True,
XC326730,XC326730.wav,44.43,32000,1,WAV,True,
XC326857,XC326857.wav,114.12,32000,1,WAV,True,
XC327255,XC327255.wav,13.92,32000,1,WAV,True,
XC327584,XC327584.wav,69.22,32000,1,WAV,True,
XC327648,XC327648.wav,39.4,32000,1,WAV,True,
XC327670,XC327670.wav,27.92,32000,1,WAV,True,
XC327706,XC327706.wav,67.41,32000,1,WAV,True,
XC327739,XC327739.wav,44.06,32000,1,WAV,True,
XC327806,XC327806.wav,21.39,32000,1,WAV,True,
XC327807,XC327807.wav,87.42,32000,1,WAV,True,
XC327904,XC327904.wav,24.37,32000,1,WAV,True,
XC328180,XC328180.wav,16.5,32000,1,WAV,True,
XC328188,XC328188.wav,35.04,32000,1,WAV,True,
XC328276,XC328276.wav,14.92,32000,1,WAV,True,
XC328540,XC328540.wav,31.04,32000,1,WAV,True,
XC328542,XC328542.wav,13.6,32000,1,WAV,True,
XC328660,XC328660.wav,18.0,32000,1,WAV,True,
XC328661,XC328661.wav,49.53,32000,1,WAV,True,
XC328698,XC328698.wav,14.75,32000,1,WAV,True,
XC328699,XC328699.wav,22.51,32000,1,WAV,True,
XC328702,XC328702.wav,20.58,32000,1,WAV,True,
XC328703,XC328703.wav,11.42,32000,1,WAV,True,
XC328705,XC328705.wav,46.79,32000,1,WAV,True,
XC328708,XC328708.wav,67.16,32000,1,WAV,True,
XC328709,XC328709.wav,15.55,32000,1,WAV,True,
XC328710,XC328710.wav,48.47,32000,1,WAV,True,
XC328711,XC328711.wav,14.8,32000,1,WAV,True,
XC328712,XC328712.wav,29.7,32000,1,WAV,True,
XC328715,XC328715.wav,31.1,32000,1,WAV,True,
XC328716,XC328716.wav,27.01,32000,1,WAV,True,
XC328786,XC328786.wav,12.49,32000,1,WAV,True,
XC328787,XC328787.wav,41.63,32000,1,WAV,True,
XC328788,XC328788.wav,14.6,32000,1,WAV,True,
XC328790,XC328790.wav,7.33,32000,1,WAV,True,
XC328791,XC328791.wav,40.7,32000,1,WAV,True,
XC328792,XC328792.wav,26.97,32000,1,WAV,True,
XC328793,XC328793.wav,6.84,32000,1,WAV,True,
XC328794,XC328794.wav,54.93,32000,1,WAV,True,
XC328796,XC328796.wav,6.58,32000,1,WAV,True,
XC328797,XC328797.wav,12.83,32000,1,WAV,True,
XC328798,XC328798.wav,11.89,32000,1,WAV,True,
XC328799,XC328799.wav,8.95,32000,1,WAV,True,
XC328801,XC328801.wav,10.84,32000,1,WAV,True,
XC328802,XC328802.wav,10.66,32000,1,WAV,True,
XC328805,XC328805.wav,44.34,32000,1,WAV,True,
XC328835,XC328835.wav,58.17,32000,1,WAV,True,
XC328931,XC328931.wav,40.62,32000,1,WAV,True,
XC329040,XC329040.wav,18.65,32000,1,WAV,True,
XC329235,XC329235.wav,7.0,32000,1,WAV,True,
XC329682,XC329682.wav,23.11,32000,1,WAV,True,
XC330199,XC330199.wav,5.26,32000,1,WAV,True,
XC330302,XC330302.wav,29.38,32000,1,WAV,True,
XC330312,XC330312.wav,44.52,32000,1,WAV,True,
XC330369,XC330369.wav,14.78,32000,1,WAV,True,
XC330447,XC330447.wav,81.36,32000,1,WAV,True,
XC330449,XC330449.wav,178.24,32000,1,WAV,True,
XC330578,XC330578.wav,117.11,32000,1,WAV,True,
XC330691,XC330691.wav,10.82,32000,1,WAV,True,
XC330788,XC330788.wav,52.18,32000,1,WAV,True,
XC330861,XC330861.wav,1.36,32000,1,WAV,True,
XC331098,XC331098.wav,24.8,32000,1,WAV,True,
XC331099,XC331099.wav,40.21,32000,1,WAV,True,
XC331198,XC331198.wav,35.58,32000,1,WAV,True,
XC331266,XC331266.wav,61.73,32000,1,WAV,True,
XC331288,XC331288.wav,85.77,32000,1,WAV,True,
XC331395,XC331395.wav,42.4,32000,1,WAV,True,
XC331421,XC331421.wav,21.82,32000,1,WAV,True,
XC331481,XC331481.wav,33.63,32000,1,WAV,True,
XC331558,XC331558.wav,18.8,32000,1,WAV,True,
XC331564,XC331564.wav,64.43,32000,1,WAV,True,
XC331690,XC331690.wav,9.04,32000,1,WAV,True,
XC331691,XC331691.wav,32.37,32000,1,WAV,True,
XC331741,XC331741.wav,8.69,32000,1,WAV,True,
XC331742,XC331742.wav,25.14,32000,1,WAV,True,
XC331743,XC331743.wav,12.85,32000,1,WAV,True,
XC331890,XC331890.wav,4.43,32000,1,WAV,True,
XC332054,XC332054.wav,2.51,32000,1,WAV,True,
XC332243,XC332243.wav,37.44,32000,1,WAV,True,
XC332245,XC332245.wav,12.62,32000,1,WAV,True,
XC332328,XC332328.wav,74.68,32000,1,WAV,True,
XC332644,XC332644.wav,90.18,32000,1,WAV,True,
XC332699,XC332699.wav,18.59,32000,1,WAV,True,
XC332714,XC332714.wav,9.56,32000,1,WAV,True,
XC332719,XC332719.wav,9.72,32000,1,WAV,True,
XC332762,XC332762.wav,26.92,32000,1,WAV,True,
XC332948,XC332948.wav,25.27,32000,1,WAV,True,
XC333146,XC333146.wav,33.22,32000,1,WAV,True,
XC333161,XC333161.wav,157.22,32000,1,WAV,True,
XC333307,XC333307.wav,9.31,32000,1,WAV,True,
XC333314,XC333314.wav,67.9,32000,1,WAV,True,
XC333385,XC333385.wav,39.95,32000,1,WAV,True,
XC333557,XC333557.wav,77.38,32000,1,WAV,True,
XC333559,XC333559.wav,113.2,32000,1,WAV,True,
XC333582,XC333582.wav,20.29,32000,1,WAV,True,
XC333620,XC333620.wav,30.78,32000,1,WAV,True,
XC333643,XC333643.wav,54.85,32000,1,WAV,True,
XC333650,XC333650.wav,49.24,32000,1,WAV,True,
XC333905,XC333905.wav,11.26,32000,1,WAV,True,
XC333998,XC333998.wav,56.9,32000,1,WAV,True,
XC334479,XC334479.wav,36.91,32000,1,WAV,True,
XC334685,XC334685.wav,70.37,32000,1,WAV,True,
XC334786,XC334786.wav,48.93,32000,1,WAV,True,
XC334962,XC334962.wav,36.15,32000,1,WAV,True,
XC335125,XC335125.wav,60.24,32000,1,WAV,True,
XC335126,XC335126.wav,59.09,32000,1,WAV,True,
XC335127,XC335127.wav,5.31,32000,1,WAV,True,
XC335242,XC335242.wav,16.67,32000,1,WAV,True,
XC335495,XC335495.wav,22.66,32000,1,WAV,True,
XC335644,XC335644.wav,71.51,32000,1,WAV,True,
XC335645,XC335645.wav,60.59,32000,1,WAV,True,
XC335646,XC335646.wav,63.23,32000,1,WAV,True,
XC335647,XC335647.wav,8.45,32000,1,WAV,True,
XC335648,XC335648.wav,48.28,32000,1,WAV,True,
XC335649,XC335649.wav,19.38,32000,1,WAV,True,
XC335650,XC335650.wav,76.59,32000,1,WAV,True,
XC335651,XC335651.wav,27.4,32000,1,WAV,True,
XC335652,XC335652.wav,79.15,32000,1,WAV,True,
XC335695,XC335695.wav,129.58,32000,1,WAV,True,
XC335766,XC335766.wav,40.46,32000,1,WAV,True,
XC335999,XC335999.wav,11.94,32000,1,WAV,True,
XC336000,XC336000.wav,59.66,32000,1,WAV,True,
XC336248,XC336248.wav,9.89,32000,1,WAV,True,
XC336667,XC336667.wav,57.22,32000,1,WAV,True,
XC337180,XC337180.wav,23.9,32000,1,WAV,True,
XC337469,XC337469.wav,20.43,32000,1,WAV,True,
XC337774,XC337774.wav,53.17,32000,1,WAV,True,
XC337962,XC337962.wav,26.56,32000,1,WAV,True,
XC338164,XC338164.wav,11.86,32000,1,WAV,True,
XC338199,XC338199.wav,35.68,32000,1,WAV,True,
XC338204,XC338204.wav,54.08,32000,1,WAV,True,
XC338292,XC338292.wav,9.18,32000,1,WAV,True,
XC338492,XC338492.wav,25.71,32000,1,WAV,True,
XC338621,XC338621.wav,9.82,32000,1,WAV,True,
XC338622,XC338622.wav,14.55,32000,1,WAV,True,
XC339565,XC339565.wav,44.88,32000,1,WAV,True,
XC339866,XC339866.wav,12.78,32000,1,WAV,True,
XC339894,XC339894.wav,31.16,32000,1,WAV,True,
XC339896,XC339896.wav,13.36,32000,1,WAV,True,
XC339897,XC339897.wav,7.72,32000,1,WAV,True,
XC339902,XC339902.wav,65.96,32000,1,WAV,True,
XC339906,XC339906.wav,14.99,32000,1,WAV,True,
XC340139,XC340139.wav,54.68,32000,1,WAV,True,
XC340666,XC340666.wav,11.52,32000,1,WAV,True,
XC340786,XC340786.wav,12.2,32000,1,WAV,True,
XC340787,XC340787.wav,26.67,32000,1,WAV,True,
XC341005,XC341005.wav,20.05,32000,1,WAV,True,
XC341228,XC341228.wav,13.52,32000,1,WAV,True,
XC341257,XC341257.wav,11.57,32000,1,WAV,True,
XC341450,XC341450.wav,11.69,32000,1,WAV,True,
XC341513,XC341513.wav,20.72,32000,1,WAV,True,
XC341514,XC341514.wav,142.92,32000,1,WAV,True,
XC341515,XC341515.wav,52.27,32000,1,WAV,True,
XC341516,XC341516.wav,60.97,32000,1,WAV,True,
XC341517,XC341517.wav,42.53,32000,1,WAV,True,
XC341518,XC341518.wav,106.08,32000,1,WAV,True,
XC341521,XC341521.wav,25.13,32000,1,WAV,True,
XC341819,XC341819.wav,13.01,32000,1,WAV,True,
XC341821,XC341821.wav,22.1,32000,1,WAV,True,
XC342060,XC342060.wav,15.01,32000,1,WAV,True,
XC342276,XC342276.wav,43.97,32000,1,WAV,True,
XC342346,XC342346.wav,39.07,32000,1,WAV,True,
XC342444,XC342444.wav,10.52,32000,1,WAV,True,
XC342555,XC342555.wav,5.46,32000,1,WAV,True,
XC342584,XC342584.wav,21.44,32000,1,WAV,True,
XC342678,XC342678.wav,37.74,32000,1,WAV,True,
XC342803,XC342803.wav,8.38,32000,1,WAV,True,
XC342952,XC342952.wav,6.61,32000,1,WAV,True,
XC342954,XC342954.wav,17.44,32000,1,WAV,True,
XC343837,XC343837.wav,29.58,32000,1,WAV,True,
XC343867,XC343867.wav,98.16,32000,1,WAV,True,
XC343944,XC343944.wav,18.95,32000,1,WAV,True,
XC343945,XC343945.wav,15.76,32000,1,WAV,True,
XC344092,XC344092.wav,3.98,32000,1,WAV,True,
XC344093,XC344093.wav,1.57,32000,1,WAV,True,
XC344095,XC344095.wav,13.97,32000,1,WAV,True,
XC344096,XC344096.wav,2.74,32000,1,WAV,True,
XC344281,XC344281.wav,3.55,32000,1,WAV,True,
XC344282,XC344282.wav,127.1,32000,1,WAV,True,
XC344578,XC344578.wav,26.98,32000,1,WAV,True,
XC344965,XC344965.wav,11.71,32000,1,WAV,True,
XC345022,XC345022.wav,8.24,32000,1,WAV,True,
XC345197,XC345197.wav,9.25,32000,1,WAV,True,
XC345874,XC345874.wav,10.35,32000,1,WAV,True,
XC345976,XC345976.wav,14.66,32000,1,WAV,True,
XC345977,XC345977.wav,0.19,32000,1,WAV,True,
XC346014,XC346014.wav,0.9,32000,1,WAV,True,
XC346022,XC346022.wav,4.2,32000,1,WAV,True,
XC346077,XC346077.wav,10.0,32000,1,WAV,True,
XC347355,XC347355.wav,12.52,32000,1,WAV,True,
XC347979,XC347979.wav,12.56,32000,1,WAV,True,
XC348361,XC348361.wav,171.1,32000,1,WAV,True,
XC348428,XC348428.wav,24.58,32000,1,WAV,True,
XC348433,XC348433.wav,15.74,32000,1,WAV,True,
XC348507,XC348507.wav,47.38,32000,1,WAV,True,
XC348979,XC348979.wav,4.69,32000,1,WAV,True,
XC348985,XC348985.wav,59.9,32000,1,WAV,True,
XC349091,XC349091.wav,76.98,32000,1,WAV,True,
XC349093,XC349093.wav,105.57,32000,1,WAV,True,
XC349094,XC349094.wav,99.68,32000,1,WAV,True,
XC349095,XC349095.wav,66.21,32000,1,WAV,True,
XC349125,XC349125.wav,11.52,32000,1,WAV,True,
XC349311,XC349311.wav,32.26,32000,1,WAV,True,
XC349692,XC349692.wav,29.85,32000,1,WAV,True,
XC350052,XC350052.wav,11.16,32000,1,WAV,True,
XC350663,XC350663.wav,34.34,32000,1,WAV,True,
XC350667,XC350667.wav,60.14,32000,1,WAV,True,
XC350672,XC350672.wav,50.67,32000,1,WAV,True,
XC350673,XC350673.wav,27.46,32000,1,WAV,True,
XC350676,XC350676.wav,58.38,32000,1,WAV,True,
XC350678,XC350678.wav,97.7,32000,1,WAV,True,
XC350680,XC350680.wav,34.4,32000,1,WAV,True,
XC350681,XC350681.wav,27.87,32000,1,WAV,True,
XC350684,XC350684.wav,183.91,32000,1,WAV,True,
XC350750,XC350750.wav,80.1,32000,1,WAV,True,
XC350752,XC350752.wav,117.34,32000,1,WAV,True,
XC350764,XC350764.wav,20.06,32000,1,WAV,True,
XC351038,XC351038.wav,129.2,32000,1,WAV,True,
XC351041,XC351041.wav,21.52,32000,1,WAV,True,
XC351049,XC351049.wav,39.68,32000,1,WAV,True,
XC351058,XC351058.wav,70.88,32000,1,WAV,True,
XC351065,XC351065.wav,68.0,32000,1,WAV,True,
XC351075,XC351075.wav,77.81,32000,1,WAV,True,
XC351076,XC351076.wav,43.28,32000,1,WAV,True,
XC351078,XC351078.wav,67.78,32000,1,WAV,True,
XC351081,XC351081.wav,41.65,32000,1,WAV,True,
XC351083,XC351083.wav,44.9,32000,1,WAV,True,
XC351287,XC351287.wav,27.17,32000,1,WAV,True,
XC351289,XC351289.wav,16.82,32000,1,WAV,True,
XC351292,XC351292.wav,11.9,32000,1,WAV,True,
XC351421,XC351421.wav,2.46,32000,1,WAV,True,
XC351422,XC351422.wav,9.05,32000,1,WAV,True,
XC351540,XC351540.wav,7.35,32000,1,WAV,True,
XC351736,XC351736.wav,66.24,32000,1,WAV,True,
XC351751,XC351751.wav,294.27,32000,1,WAV,True,
XC351864,XC351864.wav,13.3,32000,1,WAV,True,
XC352025,XC352025.wav,28.12,32000,1,WAV,True,
XC352292,XC352292.wav,8.58,32000,1,WAV,True,
XC352964,XC352964.wav,206.51,32000,1,WAV,True,
XC353082,XC353082.wav,5.75,32000,1,WAV,True,
XC353341,XC353341.wav,2.59,32000,1,WAV,True,
XC353369,XC353369.wav,30.13,32000,1,WAV,True,
XC353539,XC353539.wav,15.28,32000,1,WAV,True,
XC353665,XC353665.wav,8.41,32000,1,WAV,True,
XC353668,XC353668.wav,11.83,32000,1,WAV,True,
XC353723,XC353723.wav,10.06,32000,1,WAV,True,
XC354344,XC354344.wav,5.84,32000,1,WAV,True,
XC354508,XC354508.wav,16.51,32000,1,WAV,True,
XC354509,XC354509.wav,5.57,32000,1,WAV,True,
XC354556,XC354556.wav,32.11,32000,1,WAV,True,
XC354737,XC354737.wav,14.7,32000,1,WAV,True,
XC355195,XC355195.wav,69.02,32000,1,WAV,True,
XC356414,XC356414.wav,5.58,32000,1,WAV,True,
XC356752,XC356752.wav,116.3,32000,1,WAV,True,
XC356753,XC356753.wav,41.84,32000,1,WAV,True,
XC356754,XC356754.wav,80.58,32000,1,WAV,True,
XC356764,XC356764.wav,5.81,32000,1,WAV,True,
XC356889,XC356889.wav,30.93,32000,1,WAV,True,
XC357024,XC357024.wav,30.51,32000,1,WAV,True,
XC357969,XC357969.wav,16.88,32000,1,WAV,True,
XC357970,XC357970.wav,8.46,32000,1,WAV,True,
XC357971,XC357971.wav,18.07,32000,1,WAV,True,
XC357977,XC357977.wav,19.94,32000,1,WAV,True,
XC358026,XC358026.wav,51.78,32000,1,WAV,True,
XC358027,XC358027.wav,14.78,32000,1,WAV,True,
XC358052,XC358052.wav,95.07,32000,1,WAV,True,
XC358508,XC358508.wav,23.22,32000,1,WAV,True,
XC358548,XC358548.wav,16.35,32000,1,WAV,True,
XC358683,XC358683.wav,3.76,32000,1,WAV,True,
XC358700,XC358700.wav,4.94,32000,1,WAV,True,
XC358701,XC358701.wav,16.78,32000,1,WAV,True,
XC358778,XC358778.wav,46.29,32000,1,WAV,True,
XC358779,XC358779.wav,63.22,32000,1,WAV,True,
XC358780,XC358780.wav,252.69,32000,1,WAV,True,
XC358830,XC358830.wav,15.09,32000,1,WAV,True,
XC358842,XC358842.wav,17.87,32000,1,WAV,True,
XC358844,XC358844.wav,36.48,32000,1,WAV,True,
XC358857,XC358857.wav,4.62,32000,1,WAV,True,
XC358862,XC358862.wav,7.1,32000,1,WAV,True,
XC358903,XC358903.wav,103.65,32000,1,WAV,True,
XC358904,XC358904.wav,98.34,32000,1,WAV,True,
XC360371,XC360371.wav,62.02,32000,1,WAV,True,
XC360564,XC360564.wav,57.07,32000,1,WAV,True,
XC360916,XC360916.wav,20.24,32000,1,WAV,True,
XC360937,XC360937.wav,46.63,32000,1,WAV,True,
XC360938,XC360938.wav,55.46,32000,1,WAV,True,
XC361021,XC361021.wav,29.94,32000,1,WAV,True,
XC361030,XC361030.wav,58.75,32000,1,WAV,True,
XC361329,XC361329.wav,23.97,32000,1,WAV,True,
XC361336,XC361336.wav,216.5,32000,1,WAV,True,
XC361479,XC361479.wav,14.98,32000,1,WAV,True,
XC361480,XC361480.wav,7.06,32000,1,WAV,True,
XC361739,XC361739.wav,6.75,32000,1,WAV,True,
XC361741,XC361741.wav,44.37,32000,1,WAV,True,
XC361744,XC361744.wav,21.78,32000,1,WAV,True,
XC361746,XC361746.wav,10.05,32000,1,WAV,True,
XC361807,XC361807.wav,82.1,32000,1,WAV,True,
XC361812,XC361812.wav,56.38,32000,1,WAV,True,
XC361815,XC361815.wav,13.01,32000,1,WAV,True,
XC361817,XC361817.wav,10.1,32000,1,WAV,True,
XC361916,XC361916.wav,29.31,32000,1,WAV,True,
XC361920,XC361920.wav,3.17,32000,1,WAV,True,
XC362105,XC362105.wav,13.54,32000,1,WAV,True,
XC362208,XC362208.wav,125.12,32000,1,WAV,True,
XC362209,XC362209.wav,3.3,32000,1,WAV,True,
XC362311,XC362311.wav,127.97,32000,1,WAV,True,
XC362401,XC362401.wav,62.14,32000,1,WAV,True,
XC362459,XC362459.wav,92.03,32000,1,WAV,True,
XC362480,XC362480.wav,212.51,32000,1,WAV,True,
XC362651,XC362651.wav,7.82,32000,1,WAV,True,
XC362960,XC362960.wav,93.62,32000,1,WAV,True,
XC363068,XC363068.wav,25.49,32000,1,WAV,True,
XC363099,XC363099.wav,4.02,32000,1,WAV,True,
XC363175,XC363175.wav,53.27,32000,1,WAV,True,
XC363216,XC363216.wav,66.13,32000,1,WAV,True,
XC363344,XC363344.wav,33.85,32000,1,WAV,True,
XC363349,XC363349.wav,21.47,32000,1,WAV,True,
XC363366,XC363366.wav,3.22,32000,1,WAV,True,
XC363445,XC363445.wav,24.51,32000,1,WAV,True,
XC363569,XC363569.wav,29.58,32000,1,WAV,True,
XC363749,XC363749.wav,120.43,32000,1,WAV,True,
XC363862,XC363862.wav,44.34,32000,1,WAV,True,
XC363996,XC363996.wav,56.15,32000,1,WAV,True,
XC364114,XC364114.wav,5.55,32000,1,WAV,True,
XC364282,XC364282.wav,22.3,32000,1,WAV,True,
XC364283,XC364283.wav,13.21,32000,1,WAV,True,
XC364466,XC364466.wav,140.19,32000,1,WAV,True,
XC364468,XC364468.wav,188.06,32000,1,WAV,True,
XC364635,XC364635.wav,53.92,32000,1,WAV,True,
XC364681,XC364681.wav,22.5,32000,1,WAV,True,
XC364698,XC364698.wav,20.98,32000,1,WAV,True,
XC364709,XC364709.wav,65.94,32000,1,WAV,True,
XC365063,XC365063.wav,34.27,32000,1,WAV,True,
XC365160,XC365160.wav,28.71,32000,1,WAV,True,
XC365936,XC365936.wav,37.83,32000,1,WAV,True,
XC365937,XC365937.wav,35.2,32000,1,WAV,True,
XC366468,XC366468.wav,8.83,32000,1,WAV,True,
XC366599,XC366599.wav,22.05,32000,1,WAV,True,
XC366627,XC366627.wav,21.33,32000,1,WAV,True,
XC366708,XC366708.wav,25.13,32000,1,WAV,True,
XC366793,XC366793.wav,19.94,32000,1,WAV,True,
XC367004,XC367004.wav,42.63,32000,1,WAV,True,
XC367008,XC367008.wav,50.42,32000,1,WAV,True,
XC367181,XC367181.wav,19.62,32000,1,WAV,True,
XC367190,XC367190.wav,34.7,32000,1,WAV,True,
XC367191,XC367191.wav,57.83,32000,1,WAV,True,
XC367193,XC367193.wav,60.5,32000,1,WAV,True,
XC367257,XC367257.wav,9.64,32000,1,WAV,True,
XC367272,XC367272.wav,104.52,32000,1,WAV,True,
XC367429,XC367429.wav,13.11,32000,1,WAV,True,
XC367430,XC367430.wav,29.38,32000,1,WAV,True,
XC367530,XC367530.wav,9.55,32000,1,WAV,True,
XC367594,XC367594.wav,91.12,32000,1,WAV,True,
XC367697,XC367697.wav,32.08,32000,1,WAV,True,
XC367698,XC367698.wav,116.89,32000,1,WAV,True,
XC367798,XC367798.wav,15.68,32000,1,WAV,True,
XC367800,XC367800.wav,80.99,32000,1,WAV,True,
XC367801,XC367801.wav,44.46,32000,1,WAV,True,
XC367802,XC367802.wav,18.49,32000,1,WAV,True,
XC367805,XC367805.wav,35.6,32000,1,WAV,True,
XC367875,XC367875.wav,19.98,32000,1,WAV,True,
XC367878,XC367878.wav,12.72,32000,1,WAV,True,
XC367886,XC367886.wav,8.24,32000,1,WAV,True,
XC368194,XC368194.wav,49.04,32000,1,WAV,True,
XC368283,XC368283.wav,61.93,32000,1,WAV,True,
XC368287,XC368287.wav,34.13,32000,1,WAV,True,
XC368291,XC368291.wav,21.98,32000,1,WAV,True,
XC368296,XC368296.wav,48.58,32000,1,WAV,True,
XC368297,XC368297.wav,15.53,32000,1,WAV,True,
XC368307,XC368307.wav,2.91,32000,1,WAV,True,
XC368401,XC368401.wav,234.43,32000,1,WAV,True,
XC368402,XC368402.wav,4.98,32000,1,WAV,True,
XC368420,XC368420.wav,20.11,32000,1,WAV,True,
XC368438,XC368438.wav,17.87,32000,1,WAV,True,
XC368494,XC368494.wav,29.49,32000,1,WAV,True,
XC368513,XC368513.wav,51.06,32000,1,WAV,True,
XC368539,XC368539.wav,18.94,32000,1,WAV,True,
XC368590,XC368590.wav,18.86,32000,1,WAV,True,
XC368614,XC368614.wav,71.57,32000,1,WAV,True,
XC368615,XC368615.wav,43.76,32000,1,WAV,True,
XC368855,XC368855.wav,66.03,32000,1,WAV,True,
XC368856,XC368856.wav,7.22,32000,1,WAV,True,
XC368940,XC368940.wav,39.06,32000,1,WAV,True,
XC368961,XC368961.wav,26.07,32000,1,WAV,True,
XC369821,XC369821.wav,217.31,32000,1,WAV,True,
XC369822,XC369822.wav,27.49,32000,1,WAV,True,
XC369969,XC369969.wav,108.94,32000,1,WAV,True,
XC369987,XC369987.wav,82.89,32000,1,WAV,True,
XC369989,XC369989.wav,56.81,32000,1,WAV,True,
XC370064,XC370064.wav,56.46,32000,1,WAV,True,
XC370146,XC370146.wav,99.73,32000,1,WAV,True,
XC370196,XC370196.wav,12.57,32000,1,WAV,True,
XC370240,XC370240.wav,137.1,32000,1,WAV,True,
XC370249,XC370249.wav,42.08,32000,1,WAV,True,
XC370251,XC370251.wav,185.55,32000,1,WAV,True,
XC370387,XC370387.wav,102.53,32000,1,WAV,True,
XC370490,XC370490.wav,24.59,32000,1,WAV,True,
XC370500,XC370500.wav,96.51,32000,1,WAV,True,
XC370740,XC370740.wav,4.26,32000,1,WAV,True,
XC370786,XC370786.wav,12.83,32000,1,WAV,True,
XC370790,XC370790.wav,33.26,32000,1,WAV,True,
XC370826,XC370826.wav,103.47,32000,1,WAV,True,
XC370853,XC370853.wav,25.36,32000,1,WAV,True,
XC370857,XC370857.wav,200.12,32000,1,WAV,True,
XC370862,XC370862.wav,35.81,32000,1,WAV,True,
XC370881,XC370881.wav,177.92,32000,1,WAV,True,
XC370892,XC370892.wav,50.07,32000,1,WAV,True,
XC370922,XC370922.wav,39.12,32000,1,WAV,True,
XC370932,XC370932.wav,5.32,32000,1,WAV,True,
XC370949,XC370949.wav,78.16,32000,1,WAV,True,
XC371033,XC371033.wav,89.34,32000,1,WAV,True,
XC371041,XC371041.wav,37.71,32000,1,WAV,True,
XC371044,XC371044.wav,118.35,32000,1,WAV,True,
XC371048,XC371048.wav,55.65,32000,1,WAV,True,
XC371062,XC371062.wav,14.1,32000,1,WAV,True,
XC371323,XC371323.wav,13.2,32000,1,WAV,True,
XC371412,XC371412.wav,13.25,32000,1,WAV,True,
XC371414,XC371414.wav,102.34,32000,1,WAV,True,
XC371757,XC371757.wav,41.65,32000,1,WAV,True,
XC371758,XC371758.wav,19.04,32000,1,WAV,True,
XC371759,XC371759.wav,27.42,32000,1,WAV,True,
XC371790,XC371790.wav,10.1,32000,1,WAV,True,
XC371799,XC371799.wav,25.86,32000,1,WAV,True,
XC371800,XC371800.wav,101.12,32000,1,WAV,True,
XC371801,XC371801.wav,12.31,32000,1,WAV,True,
XC371921,XC371921.wav,48.11,32000,1,WAV,True,
XC372067,XC372067.wav,16.18,32000,1,WAV,True,
XC372211,XC372211.wav,10.79,32000,1,WAV,True,
XC372243,XC372243.wav,80.72,32000,1,WAV,True,
XC372304,XC372304.wav,257.3,32000,1,WAV,True,
XC372305,XC372305.wav,82.71,32000,1,WAV,True,
XC372556,XC372556.wav,74.91,32000,1,WAV,True,
XC372594,XC372594.wav,55.42,32000,1,WAV,True,
XC372603,XC372603.wav,87.81,32000,1,WAV,True,
XC372607,XC372607.wav,128.02,32000,1,WAV,True,
XC372614,XC372614.wav,96.22,32000,1,WAV,True,
XC372760,XC372760.wav,62.98,32000,1,WAV,True,
XC372790,XC372790.wav,138.59,32000,1,WAV,True,
XC372844,XC372844.wav,91.95,32000,1,WAV,True,
XC373049,XC373049.wav,43.31,32000,1,WAV,True,
XC373480,XC373480.wav,61.57,32000,1,WAV,True,
XC373484,XC373484.wav,31.47,32000,1,WAV,True,
XC373486,XC373486.wav,119.71,32000,1,WAV,True,
XC373488,XC373488.wav,68.62,32000,1,WAV,True,
XC373499,XC373499.wav,310.59,32000,1,WAV,True,
XC373502,XC373502.wav,39.44,32000,1,WAV,True,
XC373655,XC373655.wav,17.71,32000,1,WAV,True,
XC373783,XC373783.wav,212.8,32000,1,WAV,True,
XC373802,XC373802.wav,38.32,32000,1,WAV,True,
XC37387,XC37387.wav,25.84,32000,1,WAV,True,
XC373885,XC373885.wav,0.98,32000,1,WAV,True,
XC373906,XC373906.wav,32.22,32000,1,WAV,True,
XC373918,XC373918.wav,45.95,32000,1,WAV,True,
XC374078,XC374078.wav,20.74,32000,1,WAV,True,
XC374086,XC374086.wav,83.79,32000,1,WAV,True,
XC374107,XC374107.wav,58.74,32000,1,WAV,True,
XC374113,XC374113.wav,135.22,32000,1,WAV,True,
XC374596,XC374596.wav,12.67,32000,1,WAV,True,
XC374636,XC374636.wav,10.58,32000,1,WAV,True,
XC374638,XC374638.wav,31.24,32000,1,WAV,True,
XC374840,XC374840.wav,104.6,32000,1,WAV,True,
XC374898,XC374898.wav,6.79,32000,1,WAV,True,
XC375006,XC375006.wav,41.05,32000,1,WAV,True,
XC375201,XC375201.wav,92.97,32000,1,WAV,True,
XC375276,XC375276.wav,89.36,32000,1,WAV,True,
XC375282,XC375282.wav,22.86,32000,1,WAV,True,
XC375463,XC375463.wav,14.03,32000,1,WAV,True,
XC375494,XC375494.wav,73.81,32000,1,WAV,True,
XC375505,XC375505.wav,82.45,32000,1,WAV,True,
XC375583,XC375583.wav,4.54,32000,1,WAV,True,
XC375736,XC375736.wav,70.51,32000,1,WAV,True,
XC375826,XC375826.wav,53.62,32000,1,WAV,True,
XC375885,XC375885.wav,22.54,32000,1,WAV,True,
XC375900,XC375900.wav,48.05,32000,1,WAV,True,
XC375904,XC375904.wav,6.66,32000,1,WAV,True,
XC375947,XC375947.wav,22.63,32000,1,WAV,True,
XC375948,XC375948.wav,30.56,32000,1,WAV,True,
XC376027,XC376027.wav,56.06,32000,1,WAV,True,
XC376029,XC376029.wav,37.07,32000,1,WAV,True,
XC376077,XC376077.wav,34.0,32000,1,WAV,True,
XC376138,XC376138.wav,9.12,32000,1,WAV,True,
XC376180,XC376180.wav,153.71,32000,1,WAV,True,
XC376182,XC376182.wav,119.49,32000,1,WAV,True,
XC376229,XC376229.wav,29.18,32000,1,WAV,True,
XC376284,XC376284.wav,156.19,32000,1,WAV,True,
XC376298,XC376298.wav,156.64,32000,1,WAV,True,
XC376418,XC376418.wav,44.46,32000,1,WAV,True,
XC376468,XC376468.wav,4.82,32000,1,WAV,True,
XC376569,XC376569.wav,44.1,32000,1,WAV,True,
XC376772,XC376772.wav,13.27,32000,1,WAV,True,
XC376773,XC376773.wav,115.75,32000,1,WAV,True,
XC376790,XC376790.wav,20.19,32000,1,WAV,True,
XC377094,XC377094.wav,15.81,32000,1,WAV,True,
XC377114,XC377114.wav,41.68,32000,1,WAV,True,
XC377126,XC377126.wav,19.12,32000,1,WAV,True,
XC377144,XC377144.wav,62.07,32000,1,WAV,True,
XC377394,XC377394.wav,2.21,32000,1,WAV,True,
XC377521,XC377521.wav,4.32,32000,1,WAV,True,
XC377736,XC377736.wav,10.74,32000,1,WAV,True,
XC377799,XC377799.wav,101.98,32000,1,WAV,True,
XC377880,XC377880.wav,174.65,32000,1,WAV,True,
XC378268,XC378268.wav,5.14,32000,1,WAV,True,
XC378412,XC378412.wav,65.79,32000,1,WAV,True,
XC378427,XC378427.wav,10.29,32000,1,WAV,True,
XC378429,XC378429.wav,63.97,32000,1,WAV,True,
XC378600,XC378600.wav,108.19,32000,1,WAV,True,
XC378602,XC378602.wav,75.07,32000,1,WAV,True,
XC378603,XC378603.wav,6.84,32000,1,WAV,True,
XC378604,XC378604.wav,10.63,32000,1,WAV,True,
XC378605,XC378605.wav,9.05,32000,1,WAV,True,
XC378685,XC378685.wav,15.82,32000,1,WAV,True,
XC378710,XC378710.wav,17.66,32000,1,WAV,True,
XC378969,XC378969.wav,13.04,32000,1,WAV,True,
XC378982,XC378982.wav,34.9,32000,1,WAV,True,
XC379013,XC379013.wav,3.94,32000,1,WAV,True,
XC379016,XC379016.wav,9.51,32000,1,WAV,True,
XC379035,XC379035.wav,21.57,32000,1,WAV,True,
XC379270,XC379270.wav,35.06,32000,1,WAV,True,
XC379332,XC379332.wav,27.4,32000,1,WAV,True,
XC379573,XC379573.wav,187.3,32000,1,WAV,True,
XC379713,XC379713.wav,31.17,32000,1,WAV,True,
XC380000,XC380000.wav,12.56,32000,1,WAV,True,
XC380014,XC380014.wav,27.71,32000,1,WAV,True,
XC380017,XC380017.wav,3.86,32000,1,WAV,True,
XC380033,XC380033.wav,48.3,32000,1,WAV,True,
XC380121,XC380121.wav,44.17,32000,1,WAV,True,
XC380122,XC380122.wav,31.97,32000,1,WAV,True,
XC380123,XC380123.wav,93.34,32000,1,WAV,True,
XC380169,XC380169.wav,60.77,32000,1,WAV,True,
XC380185,XC380185.wav,5.06,32000,1,WAV,True,
XC380186,XC380186.wav,6.13,32000,1,WAV,True,
XC380304,XC380304.wav,69.06,32000,1,WAV,True,
XC380309,XC380309.wav,22.5,32000,1,WAV,True,
XC380321,XC380321.wav,5.78,32000,1,WAV,True,
XC380322,XC380322.wav,215.14,32000,1,WAV,True,
XC380425,XC380425.wav,29.25,32000,1,WAV,True,
XC380526,XC380526.wav,135.09,32000,1,WAV,True,
XC380645,XC380645.wav,44.8,32000,1,WAV,True,
XC380736,XC380736.wav,167.12,32000,1,WAV,True,
XC380748,XC380748.wav,10.54,32000,1,WAV,True,
XC380761,XC380761.wav,111.18,32000,1,WAV,True,
XC381036,XC381036.wav,114.9,32000,1,WAV,True,
XC381103,XC381103.wav,24.25,32000,1,WAV,True,
XC381110,XC381110.wav,21.36,32000,1,WAV,True,
XC381118,XC381118.wav,61.74,32000,1,WAV,True,
XC381309,XC381309.wav,24.5,32000,1,WAV,True,
XC381310,XC381310.wav,9.14,32000,1,WAV,True,
XC381323,XC381323.wav,23.14,32000,1,WAV,True,
XC381411,XC381411.wav,53.68,32000,1,WAV,True,
XC381413,XC381413.wav,18.82,32000,1,WAV,True,
XC381414,XC381414.wav,4.86,32000,1,WAV,True,
XC381502,XC381502.wav,1.34,32000,1,WAV,True,
XC381507,XC381507.wav,21.1,32000,1,WAV,True,
XC381535,XC381535.wav,13.44,32000,1,WAV,True,
XC381579,XC381579.wav,52.9,32000,1,WAV,True,
XC381585,XC381585.wav,9.66,32000,1,WAV,True,
XC381588,XC381588.wav,10.5,32000,1,WAV,True,
XC381591,XC381591.wav,35.17,32000,1,WAV,True,
XC381871,XC381871.wav,18.85,32000,1,WAV,True,
XC381927,XC381927.wav,124.33,32000,1,WAV,True,
XC381981,XC381981.wav,10.22,32000,1,WAV,True,
XC382032,XC382032.wav,7.86,32000,1,WAV,True,
XC382039,XC382039.wav,42.69,32000,1,WAV,True,
XC382040,XC382040.wav,42.69,32000,1,WAV,True,
XC382084,XC382084.wav,29.1,32000,1,WAV,True,
XC382113,XC382113.wav,36.52,32000,1,WAV,True,
XC382114,XC382114.wav,32.05,32000,1,WAV,True,
XC382119,XC382119.wav,56.47,32000,1,WAV,True,
XC382122,XC382122.wav,32.04,32000,1,WAV,True,
XC382123,XC382123.wav,109.26,32000,1,WAV,True,
XC382227,XC382227.wav,16.73,32000,1,WAV,True,
XC382347,XC382347.wav,36.85,32000,1,WAV,True,
XC382356,XC382356.wav,234.67,32000,1,WAV,True,
XC382376,XC382376.wav,11.68,32000,1,WAV,True,
XC382447,XC382447.wav,87.58,32000,1,WAV,True,
XC382448,XC382448.wav,42.74,32000,1,WAV,True,
XC382449,XC382449.wav,209.2,32000,1,WAV,True,
XC382450,XC382450.wav,102.61,32000,1,WAV,True,
XC382451,XC382451.wav,51.3,32000,1,WAV,True,
XC382452,XC382452.wav,100.35,32000,1,WAV,True,
XC382506,XC382506.wav,18.84,32000,1,WAV,True,
XC382730,XC382730.wav,16.99,32000,1,WAV,True,
XC382745,XC382745.wav,29.94,32000,1,WAV,True,
XC383130,XC383130.wav,39.6,32000,1,WAV,True,
XC383332,XC383332.wav,28.08,32000,1,WAV,True,
XC383433,XC383433.wav,5.23,32000,1,WAV,True,
XC383434,XC383434.wav,138.16,32000,1,WAV,True,
XC383439,XC383439.wav,49.33,32000,1,WAV,True,
XC383440,XC383440.wav,25.03,32000,1,WAV,True,
XC383467,XC383467.wav,23.78,32000,1,WAV,True,
XC383784,XC383784.wav,4.96,32000,1,WAV,True,
XC383822,XC383822.wav,116.98,32000,1,WAV,True,
XC383831,XC383831.wav,17.32,32000,1,WAV,True,
XC383832,XC383832.wav,17.8,32000,1,WAV,True,
XC383881,XC383881.wav,25.31,32000,1,WAV,True,
XC383905,XC383905.wav,12.4,32000,1,WAV,True,
XC383951,XC383951.wav,75.04,32000,1,WAV,True,
XC383954,XC383954.wav,14.05,32000,1,WAV,True,
XC383960,XC383960.wav,12.38,32000,1,WAV,True,
XC383961,XC383961.wav,21.52,32000,1,WAV,True,
XC383966,XC383966.wav,19.09,32000,1,WAV,True,
XC383972,XC383972.wav,42.54,32000,1,WAV,True,
XC384003,XC384003.wav,123.94,32000,1,WAV,True,
XC384027,XC384027.wav,34.06,32000,1,WAV,True,
XC384034,XC384034.wav,15.02,32000,1,WAV,True,
XC384058,XC384058.wav,6.99,32000,1,WAV,True,
XC384697,XC384697.wav,21.04,32000,1,WAV,True,
XC384698,XC384698.wav,10.06,32000,1,WAV,True,
XC384905,XC384905.wav,17.11,32000,1,WAV,True,
XC384909,XC384909.wav,17.06,32000,1,WAV,True,
XC384910,XC384910.wav,4.57,32000,1,WAV,True,
XC384954,XC384954.wav,26.38,32000,1,WAV,True,
XC384955,XC384955.wav,5.47,32000,1,WAV,True,
XC385023,XC385023.wav,3.05,32000,1,WAV,True,
XC385026,XC385026.wav,10.12,32000,1,WAV,True,
XC385027,XC385027.wav,4.34,32000,1,WAV,True,
XC385185,XC385185.wav,1.61,32000,1,WAV,True,
XC385206,XC385206.wav,19.64,32000,1,WAV,True,
XC385393,XC385393.wav,34.92,32000,1,WAV,True,
XC385601,XC385601.wav,10.66,32000,1,WAV,True,
XC385612,XC385612.wav,26.1,32000,1,WAV,True,
XC385691,XC385691.wav,2.06,32000,1,WAV,True,
XC385817,XC385817.wav,4.54,32000,1,WAV,True,
XC385843,XC385843.wav,13.57,32000,1,WAV,True,
XC386075,XC386075.wav,67.73,32000,1,WAV,True,
XC386616,XC386616.wav,32.91,32000,1,WAV,True,
XC387173,XC387173.wav,13.18,32000,1,WAV,True,
XC387533,XC387533.wav,58.9,32000,1,WAV,True,
XC387538,XC387538.wav,41.0,32000,1,WAV,True,
XC387850,XC387850.wav,11.81,32000,1,WAV,True,
XC388134,XC388134.wav,212.92,32000,1,WAV,True,
XC388163,XC388163.wav,19.62,32000,1,WAV,True,
XC388164,XC388164.wav,29.71,32000,1,WAV,True,
XC388165,XC388165.wav,147.5,32000,1,WAV,True,
XC388172,XC388172.wav,11.55,32000,1,WAV,True,
XC388173,XC388173.wav,73.74,32000,1,WAV,True,
XC388255,XC388255.wav,26.23,32000,1,WAV,True,
XC388259,XC388259.wav,8.04,32000,1,WAV,True,
XC388263,XC388263.wav,9.72,32000,1,WAV,True,
XC388267,XC388267.wav,59.93,32000,1,WAV,True,
XC388268,XC388268.wav,90.29,32000,1,WAV,True,
XC388269,XC388269.wav,4.03,32000,1,WAV,True,
XC388404,XC388404.wav,94.26,32000,1,WAV,True,
XC388493,XC388493.wav,43.26,32000,1,WAV,True,
XC388494,XC388494.wav,29.96,32000,1,WAV,True,
XC388495,XC388495.wav,43.15,32000,1,WAV,True,
XC388500,XC388500.wav,2.69,32000,1,WAV,True,
XC388592,XC388592.wav,12.72,32000,1,WAV,True,
XC388596,XC388596.wav,11.12,32000,1,WAV,True,
XC388611,XC388611.wav,43.99,32000,1,WAV,True,
XC388682,XC388682.wav,4.75,32000,1,WAV,True,
XC388685,XC388685.wav,10.38,32000,1,WAV,True,
XC388693,XC388693.wav,6.91,32000,1,WAV,True,
XC388694,XC388694.wav,10.11,32000,1,WAV,True,
XC388707,XC388707.wav,9.64,32000,1,WAV,True,
XC388764,XC388764.wav,33.98,32000,1,WAV,True,
XC389096,XC389096.wav,25.15,32000,1,WAV,True,
XC389235,XC389235.wav,41.2,32000,1,WAV,True,
XC389252,XC389252.wav,20.74,32000,1,WAV,True,
XC389300,XC389300.wav,123.07,32000,1,WAV,True,
XC389303,XC389303.wav,170.13,32000,1,WAV,True,
XC389428,XC389428.wav,61.78,32000,1,WAV,True,
XC389434,XC389434.wav,141.95,32000,1,WAV,True,
XC389493,XC389493.wav,114.61,32000,1,WAV,True,
XC389498,XC389498.wav,46.62,32000,1,WAV,True,
XC389693,XC389693.wav,400.77,32000,1,WAV,True,
XC389920,XC389920.wav,10.82,32000,1,WAV,True,
XC389960,XC389960.wav,6.75,32000,1,WAV,True,
XC389961,XC389961.wav,5.09,32000,1,WAV,True,
XC389967,XC389967.wav,10.74,32000,1,WAV,True,
XC389979,XC389979.wav,54.08,32000,1,WAV,True,
XC389982,XC389982.wav,31.58,32000,1,WAV,True,
XC389995,XC389995.wav,31.46,32000,1,WAV,True,
XC390105,XC390105.wav,19.73,32000,1,WAV,True,
XC390183,XC390183.wav,42.97,32000,1,WAV,True,
XC390185,XC390185.wav,52.71,32000,1,WAV,True,
XC390189,XC390189.wav,56.6,32000,1,WAV,True,
XC390276,XC390276.wav,40.34,32000,1,WAV,True,
XC390279,XC390279.wav,19.07,32000,1,WAV,True,
XC390284,XC390284.wav,36.4,32000,1,WAV,True,
XC390471,XC390471.wav,3.66,32000,1,WAV,True,
XC390592,XC390592.wav,64.93,32000,1,WAV,True,
XC390598,XC390598.wav,25.81,32000,1,WAV,True,
XC390608,XC390608.wav,11.42,32000,1,WAV,True,
XC390824,XC390824.wav,12.0,32000,1,WAV,True,
XC390825,XC390825.wav,15.58,32000,1,WAV,True,
XC390830,XC390830.wav,1.78,32000,1,WAV,True,
XC390831,XC390831.wav,28.68,32000,1,WAV,True,
XC390881,XC390881.wav,100.35,32000,1,WAV,True,
XC390887,XC390887.wav,131.89,32000,1,WAV,True,
XC390940,XC390940.wav,34.87,32000,1,WAV,True,
XC390941,XC390941.wav,12.27,32000,1,WAV,True,
XC391090,XC391090.wav,54.22,32000,1,WAV,True,
XC391155,XC391155.wav,54.08,32000,1,WAV,True,
XC391156,XC391156.wav,18.06,32000,1,WAV,True,
XC391157,XC391157.wav,31.65,32000,1,WAV,True,
XC391158,XC391158.wav,16.06,32000,1,WAV,True,
XC391566,XC391566.wav,25.15,32000,1,WAV,True,
XC391570,XC391570.wav,20.78,32000,1,WAV,True,
XC391843,XC391843.wav,25.58,32000,1,WAV,True,
XC392231,XC392231.wav,16.2,32000,1,WAV,True,
XC392266,XC392266.wav,11.57,32000,1,WAV,True,
XC392267,XC392267.wav,7.6,32000,1,WAV,True,
XC392814,XC392814.wav,16.54,32000,1,WAV,True,
XC392842,XC392842.wav,88.23,32000,1,WAV,True,
XC392962,XC392962.wav,14.05,32000,1,WAV,True,
XC392963,XC392963.wav,15.99,32000,1,WAV,True,
XC393068,XC393068.wav,111.12,32000,1,WAV,True,
XC393129,XC393129.wav,309.92,32000,1,WAV,True,
XC393130,XC393130.wav,84.17,32000,1,WAV,True,
XC393299,XC393299.wav,109.62,32000,1,WAV,True,
XC393498,XC393498.wav,1.04,32000,1,WAV,True,
XC393735,XC393735.wav,15.52,32000,1,WAV,True,
XC393857,XC393857.wav,186.25,32000,1,WAV,True,
XC394059,XC394059.wav,7.23,32000,1,WAV,True,
XC394107,XC394107.wav,29.66,32000,1,WAV,True,
XC394110,XC394110.wav,14.99,32000,1,WAV,True,
XC394310,XC394310.wav,408.67,32000,1,WAV,True,
XC394526,XC394526.wav,119.87,32000,1,WAV,True,
XC394527,XC394527.wav,34.51,32000,1,WAV,True,
XC394528,XC394528.wav,16.72,32000,1,WAV,True,
XC394529,XC394529.wav,9.89,32000,1,WAV,True,
XC394737,XC394737.wav,51.68,32000,1,WAV,True,
XC394751,XC394751.wav,51.38,32000,1,WAV,True,
XC394763,XC394763.wav,37.56,32000,1,WAV,True,
XC394834,XC394834.wav,77.96,32000,1,WAV,True,
XC394835,XC394835.wav,40.95,32000,1,WAV,True,
XC394892,XC394892.wav,7.36,32000,1,WAV,True,
XC395154,XC395154.wav,0.75,32000,1,WAV,True,
XC395155,XC395155.wav,0.95,32000,1,WAV,True,
XC395194,XC395194.wav,30.21,32000,1,WAV,True,
XC395196,XC395196.wav,13.1,32000,1,WAV,True,
XC396159,XC396159.wav,21.88,32000,1,WAV,True,
XC396272,XC396272.wav,12.49,32000,1,WAV,True,
XC396392,XC396392.wav,3.08,32000,1,WAV,True,
XC396690,XC396690.wav,94.2,32000,1,WAV,True,
XC397584,XC397584.wav,5.2,32000,1,WAV,True,
XC398300,XC398300.wav,31.82,32000,1,WAV,True,
XC398356,XC398356.wav,23.1,32000,1,WAV,True,
XC398477,XC398477.wav,11.89,32000,1,WAV,True,
XC399014,XC399014.wav,108.52,32000,1,WAV,True,
XC399368,XC399368.wav,11.13,32000,1,WAV,True,
XC399828,XC399828.wav,14.72,32000,1,WAV,True,
XC399946,XC399946.wav,65.43,32000,1,WAV,True,
XC400100,XC400100.wav,16.99,32000,1,WAV,True,
XC400542,XC400542.wav,68.43,32000,1,WAV,True,
XC400852,XC400852.wav,13.94,32000,1,WAV,True,
XC400968,XC400968.wav,161.78,32000,1,WAV,True,
XC401018,XC401018.wav,25.71,32000,1,WAV,True,
XC402349,XC402349.wav,22.15,32000,1,WAV,True,
XC402596,XC402596.wav,17.02,32000,1,WAV,True,
XC403004,XC403004.wav,25.19,32000,1,WAV,True,
XC403005,XC403005.wav,11.51,32000,1,WAV,True,
XC403112,XC403112.wav,3.83,32000,1,WAV,True,
XC404311,XC404311.wav,85.14,32000,1,WAV,True,
XC404412,XC404412.wav,43.97,32000,1,WAV,True,
XC404418,XC404418.wav,13.22,32000,1,WAV,True,
XC404504,XC404504.wav,15.54,32000,1,WAV,True,
XC404505,XC404505.wav,1.31,32000,1,WAV,True,
XC404628,XC404628.wav,51.16,32000,1,WAV,True,
XC404715,XC404715.wav,6.42,32000,1,WAV,True,
XC404839,XC404839.wav,71.63,32000,1,WAV,True,
XC404968,XC404968.wav,14.05,32000,1,WAV,True,
XC405617,XC405617.wav,89.97,32000,1,WAV,True,
XC405771,XC405771.wav,28.99,32000,1,WAV,True,
XC406151,XC406151.wav,17.01,32000,1,WAV,True,
XC406160,XC406160.wav,5.49,32000,1,WAV,True,
XC406211,XC406211.wav,29.36,32000,1,WAV,True,
XC406251,XC406251.wav,42.99,32000,1,WAV,True,
XC406258,XC406258.wav,59.52,32000,1,WAV,True,
XC406300,XC406300.wav,31.9,32000,1,WAV,True,
XC406326,XC406326.wav,157.97,32000,1,WAV,True,
XC406522,XC406522.wav,27.54,32000,1,WAV,True,
XC406523,XC406523.wav,83.17,32000,1,WAV,True,
XC406526,XC406526.wav,38.8,32000,1,WAV,True,
XC406662,XC406662.wav,40.38,32000,1,WAV,True,
XC406871,XC406871.wav,4.2,32000,1,WAV,True,
XC406876,XC406876.wav,2.84,32000,1,WAV,True,
XC406990,XC406990.wav,9.23,32000,1,WAV,True,
XC407152,XC407152.wav,198.33,32000,1,WAV,True,
XC407173,XC407173.wav,25.0,32000,1,WAV,True,
XC407644,XC407644.wav,37.07,32000,1,WAV,True,
XC407819,XC407819.wav,31.87,32000,1,WAV,True,
XC407827,XC407827.wav,7.38,32000,1,WAV,True,
XC407924,XC407924.wav,10.77,32000,1,WAV,True,
XC408110,XC408110.wav,15.89,32000,1,WAV,True,
XC408876,XC408876.wav,269.86,32000,1,WAV,True,
XC409062,XC409062.wav,3.39,32000,1,WAV,True,
XC409609,XC409609.wav,63.58,32000,1,WAV,True,
XC409610,XC409610.wav,8.51,32000,1,WAV,True,
XC409818,XC409818.wav,11.64,32000,1,WAV,True,
XC410604,XC410604.wav,4.78,32000,1,WAV,True,
XC410888,XC410888.wav,92.86,32000,1,WAV,True,
XC411047,XC411047.wav,51.46,32000,1,WAV,True,
XC411318,XC411318.wav,55.2,32000,1,WAV,True,
XC411457,XC411457.wav,6.98,32000,1,WAV,True,
XC412205,XC412205.wav,54.23,32000,1,WAV,True,
XC412672,XC412672.wav,399.59,32000,1,WAV,True,
XC412707,XC412707.wav,29.81,32000,1,WAV,True,
XC412909,XC412909.wav,39.97,32000,1,WAV,True,
XC413030,XC413030.wav,5.34,32000,1,WAV,True,
XC413131,XC413131.wav,49.74,32000,1,WAV,True,
XC413132,XC413132.wav,174.82,32000,1,WAV,True,
XC413144,XC413144.wav,10.54,32000,1,WAV,True,
XC413175,XC413175.wav,129.07,32000,1,WAV,True,
XC413184,XC413184.wav,33.38,32000,1,WAV,True,
XC413187,XC413187.wav,4.3,32000,1,WAV,True,
XC413188,XC413188.wav,76.98,32000,1,WAV,True,
XC413193,XC413193.wav,18.86,32000,1,WAV,True,
XC413194,XC413194.wav,29.76,32000,1,WAV,True,
XC413318,XC413318.wav,18.13,32000,1,WAV,True,
XC413334,XC413334.wav,32.64,32000,1,WAV,True,
XC413335,XC413335.wav,18.14,32000,1,WAV,True,
XC413347,XC413347.wav,33.23,32000,1,WAV,True,
XC413356,XC413356.wav,26.06,32000,1,WAV,True,
XC413367,XC413367.wav,47.92,32000,1,WAV,True,
XC413434,XC413434.wav,68.32,32000,1,WAV,True,
XC413435,XC413435.wav,20.3,32000,1,WAV,True,
XC413436,XC413436.wav,89.65,32000,1,WAV,True,
XC413556,XC413556.wav,167.97,32000,1,WAV,True,
XC413557,XC413557.wav,100.67,32000,1,WAV,True,
XC413723,XC413723.wav,29.59,32000,1,WAV,True,
XC413729,XC413729.wav,15.63,32000,1,WAV,True,
XC413789,XC413789.wav,2.38,32000,1,WAV,True,
XC413800,XC413800.wav,20.64,32000,1,WAV,True,
XC413887,XC413887.wav,37.94,32000,1,WAV,True,
XC414010,XC414010.wav,81.94,32000,1,WAV,True,
XC414011,XC414011.wav,67.57,32000,1,WAV,True,
XC414021,XC414021.wav,10.22,32000,1,WAV,True,
XC414077,XC414077.wav,18.1,32000,1,WAV,True,
XC414078,XC414078.wav,10.66,32000,1,WAV,True,
XC414551,XC414551.wav,27.72,32000,1,WAV,True,
XC414747,XC414747.wav,36.4,32000,1,WAV,True,
XC414892,XC414892.wav,53.66,32000,1,WAV,True,
XC414931,XC414931.wav,99.84,32000,1,WAV,True,
XC415384,XC415384.wav,15.74,32000,1,WAV,True,
XC415387,XC415387.wav,76.1,32000,1,WAV,True,
XC415422,XC415422.wav,20.46,32000,1,WAV,True,
XC415436,XC415436.wav,77.04,32000,1,WAV,True,
XC415443,XC415443.wav,43.27,32000,1,WAV,True,
XC415444,XC415444.wav,25.38,32000,1,WAV,True,
XC415596,XC415596.wav,46.18,32000,1,WAV,True,
XC415782,XC415782.wav,28.51,32000,1,WAV,True,
XC415793,XC415793.wav,10.81,32000,1,WAV,True,
XC415820,XC415820.wav,10.3,32000,1,WAV,True,
XC415889,XC415889.wav,41.66,32000,1,WAV,True,
XC416029,XC416029.wav,70.4,32000,1,WAV,True,
XC416031,XC416031.wav,38.86,32000,1,WAV,True,
XC416032,XC416032.wav,102.89,32000,1,WAV,True,
XC416122,XC416122.wav,72.24,32000,1,WAV,True,
XC416140,XC416140.wav,64.42,32000,1,WAV,True,
XC416142,XC416142.wav,72.62,32000,1,WAV,True,
XC416294,XC416294.wav,62.77,32000,1,WAV,True,
XC416341,XC416341.wav,7.27,32000,1,WAV,True,
XC416398,XC416398.wav,220.4,32000,1,WAV,True,
XC416400,XC416400.wav,6.58,32000,1,WAV,True,
XC416529,XC416529.wav,24.32,32000,1,WAV,True,
XC416548,XC416548.wav,13.99,32000,1,WAV,True,
XC416621,XC416621.wav,10.58,32000,1,WAV,True,
XC416745,XC416745.wav,54.03,32000,1,WAV,True,
XC416746,XC416746.wav,39.75,32000,1,WAV,True,
XC416747,XC416747.wav,339.12,32000,1,WAV,True,
XC416780,XC416780.wav,3.05,32000,1,WAV,True,
XC416782,XC416782.wav,3.4,32000,1,WAV,True,
XC416794,XC416794.wav,34.93,32000,1,WAV,True,
XC416814,XC416814.wav,8.38,32000,1,WAV,True,
XC416815,XC416815.wav,2.77,32000,1,WAV,True,
XC416889,XC416889.wav,3.95,32000,1,WAV,True,
XC417423,XC417423.wav,17.45,32000,1,WAV,True,
XC417442,XC417442.wav,11.34,32000,1,WAV,True,
XC417455,XC417455.wav,11.56,32000,1,WAV,True,
XC417549,XC417549.wav,24.45,32000,1,WAV,True,
XC417728,XC417728.wav,74.8,32000,1,WAV,True,
XC417729,XC417729.wav,123.41,32000,1,WAV,True,
XC417736,XC417736.wav,19.31,32000,1,WAV,True,
XC417737,XC417737.wav,48.47,32000,1,WAV,True,
XC417855,XC417855.wav,7.17,32000,1,WAV,True,
XC417863,XC417863.wav,4.08,32000,1,WAV,True,
XC417864,XC417864.wav,9.2,32000,1,WAV,True,
XC417904,XC417904.wav,45.02,32000,1,WAV,True,
XC417910,XC417910.wav,26.98,32000,1,WAV,True,
XC417914,XC417914.wav,50.82,32000,1,WAV,True,
XC417992,XC417992.wav,54.38,32000,1,WAV,True,
XC417993,XC417993.wav,8.99,32000,1,WAV,True,
XC418002,XC418002.wav,5.12,32000,1,WAV,True,
XC418011,XC418011.wav,17.81,32000,1,WAV,True,
XC418016,XC418016.wav,41.71,32000,1,WAV,True,
XC418027,XC418027.wav,16.46,32000,1,WAV,True,
XC418034,XC418034.wav,58.99,32000,1,WAV,True,
XC418074,XC418074.wav,55.61,32000,1,WAV,True,
XC418082,XC418082.wav,48.48,32000,1,WAV,True,
XC418083,XC418083.wav,3.73,32000,1,WAV,True,
XC418085,XC418085.wav,68.22,32000,1,WAV,True,
XC418092,XC418092.wav,22.58,32000,1,WAV,True,
XC418093,XC418093.wav,3.7,32000,1,WAV,True,
XC418099,XC418099.wav,174.96,32000,1,WAV,True,
XC418101,XC418101.wav,4.44,32000,1,WAV,True,
XC418103,XC418103.wav,140.04,32000,1,WAV,True,
XC418105,XC418105.wav,60.64,32000,1,WAV,True,
XC418144,XC418144.wav,48.66,32000,1,WAV,True,
XC418235,XC418235.wav,62.74,32000,1,WAV,True,
XC418236,XC418236.wav,17.68,32000,1,WAV,True,
XC418241,XC418241.wav,20.98,32000,1,WAV,True,
XC418266,XC418266.wav,32.94,32000,1,WAV,True,
XC418303,XC418303.wav,46.14,32000,1,WAV,True,
XC418332,XC418332.wav,25.07,32000,1,WAV,True,
XC418344,XC418344.wav,22.1,32000,1,WAV,True,
XC418346,XC418346.wav,65.6,32000,1,WAV,True,
XC418510,XC418510.wav,63.86,32000,1,WAV,True,
XC418533,XC418533.wav,6.06,32000,1,WAV,True,
XC418657,XC418657.wav,57.32,32000,1,WAV,True,
XC418834,XC418834.wav,19.87,32000,1,WAV,True,
XC418891,XC418891.wav,17.4,32000,1,WAV,True,
XC418893,XC418893.wav,19.22,32000,1,WAV,True,
XC418918,XC418918.wav,20.92,32000,1,WAV,True,
XC419049,XC419049.wav,25.94,32000,1,WAV,True,
XC419402,XC419402.wav,14.69,32000,1,WAV,True,
XC419704,XC419704.wav,44.06,32000,1,WAV,True,
XC419831,XC419831.wav,46.84,32000,1,WAV,True,
XC419947,XC419947.wav,40.91,32000,1,WAV,True,
XC419996,XC419996.wav,4.16,32000,1,WAV,True,
XC420002,XC420002.wav,20.03,32000,1,WAV,True,
XC420076,XC420076.wav,49.1,32000,1,WAV,True,
XC420133,XC420133.wav,47.18,32000,1,WAV,True,
XC420250,XC420250.wav,7.29,32000,1,WAV,True,
XC420259,XC420259.wav,53.66,32000,1,WAV,True,
XC420261,XC420261.wav,56.75,32000,1,WAV,True,
XC420397,XC420397.wav,47.4,32000,1,WAV,True,
XC420402,XC420402.wav,24.98,32000,1,WAV,True,
XC420472,XC420472.wav,3.52,32000,1,WAV,True,
XC420473,XC420473.wav,32.43,32000,1,WAV,True,
XC420494,XC420494.wav,3.81,32000,1,WAV,True,
XC420540,XC420540.wav,28.59,32000,1,WAV,True,
XC420604,XC420604.wav,13.94,32000,1,WAV,True,
XC420721,XC420721.wav,78.07,32000,1,WAV,True,
XC420727,XC420727.wav,30.6,32000,1,WAV,True,
XC420822,XC420822.wav,32.85,32000,1,WAV,True,
XC420842,XC420842.wav,20.58,32000,1,WAV,True,
XC420844,XC420844.wav,52.32,32000,1,WAV,True,
XC420871,XC420871.wav,21.41,32000,1,WAV,True,
XC420878,XC420878.wav,37.03,32000,1,WAV,True,
XC420879,XC420879.wav,22.34,32000,1,WAV,True,
XC420882,XC420882.wav,23.9,32000,1,WAV,True,
XC420883,XC420883.wav,18.05,32000,1,WAV,True,
XC420886,XC420886.wav,18.02,32000,1,WAV,True,
XC420887,XC420887.wav,31.39,32000,1,WAV,True,
XC420906,XC420906.wav,4.56,32000,1,WAV,True,
XC420908,XC420908.wav,11.71,32000,1,WAV,True,
XC420909,XC420909.wav,31.12,32000,1,WAV,True,
XC420965,XC420965.wav,14.38,32000,1,WAV,True,
XC421003,XC421003.wav,9.04,32000,1,WAV,True,
XC421160,XC421160.wav,3.5,32000,1,WAV,True,
XC421264,XC421264.wav,24.8,32000,1,WAV,True,
XC421280,XC421280.wav,76.02,32000,1,WAV,True,
XC421301,XC421301.wav,31.2,32000,1,WAV,True,
XC421303,XC421303.wav,56.0,32000,1,WAV,True,
XC421770,XC421770.wav,43.07,32000,1,WAV,True,
XC421839,XC421839.wav,57.01,32000,1,WAV,True,
XC421940,XC421940.wav,2.29,32000,1,WAV,True,
XC422147,XC422147.wav,26.27,32000,1,WAV,True,
XC422148,XC422148.wav,16.86,32000,1,WAV,True,
XC422421,XC422421.wav,21.49,32000,1,WAV,True,
XC422424,XC422424.wav,35.86,32000,1,WAV,True,
XC422943,XC422943.wav,58.56,32000,1,WAV,True,
XC423322,XC423322.wav,31.71,32000,1,WAV,True,
XC423357,XC423357.wav,42.02,32000,1,WAV,True,
XC423449,XC423449.wav,140.91,32000,1,WAV,True,
XC423524,XC423524.wav,16.55,32000,1,WAV,True,
XC423591,XC423591.wav,17.9,32000,1,WAV,True,
XC423687,XC423687.wav,42.65,32000,1,WAV,True,
XC423997,XC423997.wav,20.77,32000,1,WAV,True,
XC424139,XC424139.wav,14.08,32000,1,WAV,True,
XC424140,XC424140.wav,35.55,32000,1,WAV,True,
XC424738,XC424738.wav,45.41,32000,1,WAV,True,
XC424786,XC424786.wav,30.62,32000,1,WAV,True,
XC424789,XC424789.wav,114.88,32000,1,WAV,True,
XC425120,XC425120.wav,20.32,32000,1,WAV,True,
XC425131,XC425131.wav,26.47,32000,1,WAV,True,
XC425498,XC425498.wav,52.85,32000,1,WAV,True,
XC425505,XC425505.wav,37.47,32000,1,WAV,True,
XC425567,XC425567.wav,23.85,32000,1,WAV,True,
XC425583,XC425583.wav,101.81,32000,1,WAV,True,
XC425775,XC425775.wav,18.98,32000,1,WAV,True,
XC425793,XC425793.wav,17.11,32000,1,WAV,True,
XC425944,XC425944.wav,144.7,32000,1,WAV,True,
XC426167,XC426167.wav,17.31,32000,1,WAV,True,
XC426201,XC426201.wav,32.27,32000,1,WAV,True,
XC426243,XC426243.wav,27.02,32000,1,WAV,True,
XC426297,XC426297.wav,21.65,32000,1,WAV,True,
XC426298,XC426298.wav,3.1,32000,1,WAV,True,
XC427139,XC427139.wav,14.78,32000,1,WAV,True,
XC427140,XC427140.wav,9.31,32000,1,WAV,True,
XC428282,XC428282.wav,96.74,32000,1,WAV,True,
XC428338,XC428338.wav,51.68,32000,1,WAV,True,
XC428342,XC428342.wav,69.39,32000,1,WAV,True,
XC428384,XC428384.wav,139.94,32000,1,WAV,True,
XC428385,XC428385.wav,21.76,32000,1,WAV,True,
XC428425,XC428425.wav,63.68,32000,1,WAV,True,
XC428495,XC428495.wav,51.26,32000,1,WAV,True,
XC428701,XC428701.wav,55.78,32000,1,WAV,True,
XC428726,XC428726.wav,9.34,32000,1,WAV,True,
XC428729,XC428729.wav,68.88,32000,1,WAV,True,
XC428734,XC428734.wav,43.98,32000,1,WAV,True,
XC428762,XC428762.wav,9.38,32000,1,WAV,True,
XC428772,XC428772.wav,26.09,32000,1,WAV,True,
XC428782,XC428782.wav,24.31,32000,1,WAV,True,
XC429022,XC429022.wav,81.96,32000,1,WAV,True,
XC429239,XC429239.wav,34.9,32000,1,WAV,True,
XC429266,XC429266.wav,47.57,32000,1,WAV,True,
XC430015,XC430015.wav,62.81,32000,1,WAV,True,
XC430726,XC430726.wav,34.21,32000,1,WAV,True,
XC430783,XC430783.wav,70.7,32000,1,WAV,True,
XC430811,XC430811.wav,35.8,32000,1,WAV,True,
XC431030,XC431030.wav,10.99,32000,1,WAV,True,
XC431032,XC431032.wav,6.55,32000,1,WAV,True,
XC431186,XC431186.wav,31.82,32000,1,WAV,True,
XC431633,XC431633.wav,29.33,32000,1,WAV,True,
XC431957,XC431957.wav,58.11,32000,1,WAV,True,
XC432092,XC432092.wav,11.65,32000,1,WAV,True,
XC432334,XC432334.wav,8.99,32000,1,WAV,True,
XC433031,XC433031.wav,9.97,32000,1,WAV,True,
XC433032,XC433032.wav,4.14,32000,1,WAV,True,
XC433094,XC433094.wav,27.22,32000,1,WAV,True,
XC433166,XC433166.wav,47.06,32000,1,WAV,True,
XC433223,XC433223.wav,117.3,32000,1,WAV,True,
XC433231,XC433231.wav,11.06,32000,1,WAV,True,
XC433239,XC433239.wav,11.79,32000,1,WAV,True,
XC433389,XC433389.wav,15.72,32000,1,WAV,True,
XC433813,XC433813.wav,41.44,32000,1,WAV,True,
XC434359,XC434359.wav,10.5,32000,1,WAV,True,
XC43470,XC43470.wav,1.04,32000,1,WAV,True,
XC435478,XC435478.wav,21.74,32000,1,WAV,True,
XC435493,XC435493.wav,71.78,32000,1,WAV,True,
XC435715,XC435715.wav,92.83,32000,1,WAV,True,
XC435717,XC435717.wav,6.06,32000,1,WAV,True,
XC436641,XC436641.wav,6.19,32000,1,WAV,True,
XC436808,XC436808.wav,31.61,32000,1,WAV,True,
XC436809,XC436809.wav,41.86,32000,1,WAV,True,
XC436810,XC436810.wav,20.51,32000,1,WAV,True,
XC436811,XC436811.wav,48.77,32000,1,WAV,True,
XC436820,XC436820.wav,13.46,32000,1,WAV,True,
XC436986,XC436986.wav,15.44,32000,1,WAV,True,
XC436990,XC436990.wav,24.48,32000,1,WAV,True,
XC437043,XC437043.wav,16.69,32000,1,WAV,True,
XC437510,XC437510.wav,17.87,32000,1,WAV,True,
XC437593,XC437593.wav,111.36,32000,1,WAV,True,
XC438159,XC438159.wav,13.17,32000,1,WAV,True,
XC438455,XC438455.wav,26.12,32000,1,WAV,True,
XC439885,XC439885.wav,83.79,32000,1,WAV,True,
XC439886,XC439886.wav,21.11,32000,1,WAV,True,
XC439892,XC439892.wav,49.64,32000,1,WAV,True,
XC439893,XC439893.wav,85.68,32000,1,WAV,True,
XC439894,XC439894.wav,166.45,32000,1,WAV,True,
XC440254,XC440254.wav,28.59,32000,1,WAV,True,
XC440560,XC440560.wav,77.22,32000,1,WAV,True,
XC440561,XC440561.wav,38.32,32000,1,WAV,True,
XC440562,XC440562.wav,38.1,32000,1,WAV,True,
XC440573,XC440573.wav,262.28,32000,1,WAV,True,
XC440574,XC440574.wav,172.22,32000,1,WAV,True,
XC440576,XC440576.wav,49.74,32000,1,WAV,True,
XC440578,XC440578.wav,45.06,32000,1,WAV,True,
XC440579,XC440579.wav,20.77,32000,1,WAV,True,
XC440580,XC440580.wav,23.38,32000,1,WAV,True,
XC440607,XC440607.wav,19.88,32000,1,WAV,True,
XC440639,XC440639.wav,30.05,32000,1,WAV,True,
XC441362,XC441362.wav,7.28,32000,1,WAV,True,
XC441374,XC441374.wav,26.91,32000,1,WAV,True,
XC441893,XC441893.wav,40.67,32000,1,WAV,True,
XC441895,XC441895.wav,93.39,32000,1,WAV,True,
XC441896,XC441896.wav,185.02,32000,1,WAV,True,
XC442047,XC442047.wav,1.96,32000,1,WAV,True,
XC442320,XC442320.wav,10.82,32000,1,WAV,True,
XC442321,XC442321.wav,42.05,32000,1,WAV,True,
XC442358,XC442358.wav,53.3,32000,1,WAV,True,
XC442359,XC442359.wav,79.9,32000,1,WAV,True,
XC442508,XC442508.wav,30.02,32000,1,WAV,True,
XC442868,XC442868.wav,9.66,32000,1,WAV,True,
XC442962,XC442962.wav,33.68,32000,1,WAV,True,
XC443181,XC443181.wav,24.64,32000,1,WAV,True,
XC443196,XC443196.wav,37.86,32000,1,WAV,True,
XC443468,XC443468.wav,12.27,32000,1,WAV,True,
XC443522,XC443522.wav,11.89,32000,1,WAV,True,
XC443764,XC443764.wav,30.2,32000,1,WAV,True,
XC443771,XC443771.wav,27.02,32000,1,WAV,True,
XC443809,XC443809.wav,9.93,32000,1,WAV,True,
XC443812,XC443812.wav,15.31,32000,1,WAV,True,
XC444602,XC444602.wav,28.21,32000,1,WAV,True,
XC444606,XC444606.wav,32.91,32000,1,WAV,True,
XC444622,XC444622.wav,13.07,32000,1,WAV,True,
XC444623,XC444623.wav,80.94,32000,1,WAV,True,
XC444624,XC444624.wav,17.06,32000,1,WAV,True,
XC444716,XC444716.wav,25.58,32000,1,WAV,True,
XC444946,XC444946.wav,20.64,32000,1,WAV,True,
XC444948,XC444948.wav,60.48,32000,1,WAV,True,
XC445083,XC445083.wav,43.84,32000,1,WAV,True,
XC445610,XC445610.wav,20.26,32000,1,WAV,True,
XC445622,XC445622.wav,62.38,32000,1,WAV,True,
XC445912,XC445912.wav,3.66,32000,1,WAV,True,
XC446455,XC446455.wav,116.62,32000,1,WAV,True,
XC446457,XC446457.wav,37.78,32000,1,WAV,True,
XC446458,XC446458.wav,65.78,32000,1,WAV,True,
XC446460,XC446460.wav,7.23,32000,1,WAV,True,
XC446462,XC446462.wav,122.88,32000,1,WAV,True,
XC446669,XC446669.wav,36.5,32000,1,WAV,True,
XC446803,XC446803.wav,26.86,32000,1,WAV,True,
XC446806,XC446806.wav,23.01,32000,1,WAV,True,
XC446889,XC446889.wav,62.93,32000,1,WAV,True,
XC446964,XC446964.wav,41.34,32000,1,WAV,True,
XC447012,XC447012.wav,62.93,32000,1,WAV,True,
XC447324,XC447324.wav,2.8,32000,1,WAV,True,
XC447360,XC447360.wav,21.19,32000,1,WAV,True,
XC447363,XC447363.wav,15.25,32000,1,WAV,True,
XC447415,XC447415.wav,12.98,32000,1,WAV,True,
XC448090,XC448090.wav,7.01,32000,1,WAV,True,
XC448123,XC448123.wav,216.96,32000,1,WAV,True,
XC448274,XC448274.wav,8.0,32000,1,WAV,True,
XC448720,XC448720.wav,36.46,32000,1,WAV,True,
XC448752,XC448752.wav,6.27,32000,1,WAV,True,
XC448753,XC448753.wav,54.5,32000,1,WAV,True,
XC448778,XC448778.wav,141.84,32000,1,WAV,True,
XC448819,XC448819.wav,69.3,32000,1,WAV,True,
XC448835,XC448835.wav,25.74,32000,1,WAV,True,
XC448935,XC448935.wav,23.02,32000,1,WAV,True,
XC448937,XC448937.wav,5.44,32000,1,WAV,True,
XC448945,XC448945.wav,9.42,32000,1,WAV,True,
XC449497,XC449497.wav,108.32,32000,1,WAV,True,
XC449502,XC449502.wav,146.19,32000,1,WAV,True,
XC449522,XC449522.wav,41.98,32000,1,WAV,True,
XC449524,XC449524.wav,109.3,32000,1,WAV,True,
XC449552,XC449552.wav,5.34,32000,1,WAV,True,
XC449553,XC449553.wav,9.89,32000,1,WAV,True,
XC450683,XC450683.wav,96.85,32000,1,WAV,True,
XC450763,XC450763.wav,25.55,32000,1,WAV,True,
XC450764,XC450764.wav,14.74,32000,1,WAV,True,
XC450999,XC450999.wav,27.02,32000,1,WAV,True,
XC451067,XC451067.wav,87.82,32000,1,WAV,True,
XC451207,XC451207.wav,6.08,32000,1,WAV,True,
XC451209,XC451209.wav,13.1,32000,1,WAV,True,
XC451211,XC451211.wav,35.06,32000,1,WAV,True,
XC451238,XC451238.wav,33.22,32000,1,WAV,True,
XC451239,XC451239.wav,6.72,32000,1,WAV,True,
XC451240,XC451240.wav,14.54,32000,1,WAV,True,
XC451252,XC451252.wav,11.52,32000,1,WAV,True,
XC451253,XC451253.wav,3.98,32000,1,WAV,True,
XC451298,XC451298.wav,31.28,32000,1,WAV,True,
XC451300,XC451300.wav,113.51,32000,1,WAV,True,
XC451301,XC451301.wav,23.46,32000,1,WAV,True,
XC451302,XC451302.wav,31.76,32000,1,WAV,True,
XC451359,XC451359.wav,12.22,32000,1,WAV,True,
XC451370,XC451370.wav,182.53,32000,1,WAV,True,
XC451371,XC451371.wav,34.51,32000,1,WAV,True,
XC451372,XC451372.wav,21.57,32000,1,WAV,True,
XC451490,XC451490.wav,8.93,32000,1,WAV,True,
XC451721,XC451721.wav,15.07,32000,1,WAV,True,
XC451735,XC451735.wav,110.16,32000,1,WAV,True,
XC451810,XC451810.wav,77.31,32000,1,WAV,True,
XC451823,XC451823.wav,23.97,32000,1,WAV,True,
XC451857,XC451857.wav,21.79,32000,1,WAV,True,
XC451864,XC451864.wav,85.12,32000,1,WAV,True,
XC451865,XC451865.wav,231.62,32000,1,WAV,True,
XC451898,XC451898.wav,50.14,32000,1,WAV,True,
XC452058,XC452058.wav,18.46,32000,1,WAV,True,
XC452059,XC452059.wav,13.14,32000,1,WAV,True,
XC452119,XC452119.wav,3.74,32000,1,WAV,True,
XC452150,XC452150.wav,8.24,32000,1,WAV,True,
XC452151,XC452151.wav,40.53,32000,1,WAV,True,
XC452183,XC452183.wav,13.1,32000,1,WAV,True,
XC452505,XC452505.wav,18.21,32000,1,WAV,True,
XC452506,XC452506.wav,4.29,32000,1,WAV,True,
XC452540,XC452540.wav,8.05,32000,1,WAV,True,
XC452569,XC452569.wav,61.9,32000,1,WAV,True,
XC452609,XC452609.wav,15.01,32000,1,WAV,True,
XC452613,XC452613.wav,2.59,32000,1,WAV,True,
XC452798,XC452798.wav,19.89,32000,1,WAV,True,
XC452806,XC452806.wav,14.54,32000,1,WAV,True,
XC452810,XC452810.wav,9.41,32000,1,WAV,True,
XC452814,XC452814.wav,13.76,32000,1,WAV,True,
XC452816,XC452816.wav,8.9,32000,1,WAV,True,
XC452980,XC452980.wav,8.48,32000,1,WAV,True,
XC453109,XC453109.wav,42.93,32000,1,WAV,True,
XC453220,XC453220.wav,84.58,32000,1,WAV,True,
XC453916,XC453916.wav,15.63,32000,1,WAV,True,
XC453931,XC453931.wav,74.35,32000,1,WAV,True,
XC453934,XC453934.wav,10.17,32000,1,WAV,True,
XC453936,XC453936.wav,31.3,32000,1,WAV,True,
XC453938,XC453938.wav,1.41,32000,1,WAV,True,
XC453942,XC453942.wav,20.26,32000,1,WAV,True,
XC453943,XC453943.wav,20.93,32000,1,WAV,True,
XC453944,XC453944.wav,8.77,32000,1,WAV,True,
XC454231,XC454231.wav,17.3,32000,1,WAV,True,
XC454252,XC454252.wav,11.66,32000,1,WAV,True,
XC454402,XC454402.wav,2.96,32000,1,WAV,True,
XC454621,XC454621.wav,11.71,32000,1,WAV,True,
XC45479,XC45479.wav,2.35,32000,1,WAV,True,
XC45480,XC45480.wav,1.86,32000,1,WAV,True,
XC45481,XC45481.wav,6.48,32000,1,WAV,True,
XC454882,XC454882.wav,33.82,32000,1,WAV,True,
XC455031,XC455031.wav,69.56,32000,1,WAV,True,
XC455035,XC455035.wav,11.04,32000,1,WAV,True,
XC455120,XC455120.wav,9.76,32000,1,WAV,True,
XC455134,XC455134.wav,5.76,32000,1,WAV,True,
XC456644,XC456644.wav,27.07,32000,1,WAV,True,
XC456917,XC456917.wav,41.34,32000,1,WAV,True,
XC457078,XC457078.wav,5.92,32000,1,WAV,True,
XC457114,XC457114.wav,24.01,32000,1,WAV,True,
XC457137,XC457137.wav,43.03,32000,1,WAV,True,
XC457138,XC457138.wav,51.67,32000,1,WAV,True,
XC457192,XC457192.wav,39.01,32000,1,WAV,True,
XC457444,XC457444.wav,17.92,32000,1,WAV,True,
XC458037,XC458037.wav,8.34,32000,1,WAV,True,
XC459053,XC459053.wav,5.22,32000,1,WAV,True,
XC459444,XC459444.wav,71.36,32000,1,WAV,True,
XC459466,XC459466.wav,158.61,32000,1,WAV,True,
XC459759,XC459759.wav,5.73,32000,1,WAV,True,
XC459765,XC459765.wav,24.51,32000,1,WAV,True,
XC460094,XC460094.wav,44.9,32000,1,WAV,True,
XC460095,XC460095.wav,12.62,32000,1,WAV,True,
XC460096,XC460096.wav,270.1,32000,1,WAV,True,
XC460579,XC460579.wav,117.52,32000,1,WAV,True,
XC460588,XC460588.wav,74.66,32000,1,WAV,True,
XC460688,XC460688.wav,177.97,32000,1,WAV,True,
XC460787,XC460787.wav,57.15,32000,1,WAV,True,
XC460832,XC460832.wav,9.49,32000,1,WAV,True,
XC460987,XC460987.wav,39.65,32000,1,WAV,True,
XC461183,XC461183.wav,51.16,32000,1,WAV,True,
XC461195,XC461195.wav,18.4,32000,1,WAV,True,
XC461240,XC461240.wav,65.0,32000,1,WAV,True,
XC461241,XC461241.wav,144.77,32000,1,WAV,True,
XC461242,XC461242.wav,21.03,32000,1,WAV,True,
XC461521,XC461521.wav,13.04,32000,1,WAV,True,
XC461540,XC461540.wav,73.91,32000,1,WAV,True,
XC462031,XC462031.wav,30.88,32000,1,WAV,True,
XC462046,XC462046.wav,6.58,32000,1,WAV,True,
XC462056,XC462056.wav,33.92,32000,1,WAV,True,
XC462125,XC462125.wav,39.26,32000,1,WAV,True,
XC462420,XC462420.wav,11.52,32000,1,WAV,True,
XC462421,XC462421.wav,36.84,32000,1,WAV,True,
XC462648,XC462648.wav,2.0,32000,1,WAV,True,
XC462768,XC462768.wav,158.62,32000,1,WAV,True,
XC462769,XC462769.wav,53.35,32000,1,WAV,True,
XC462770,XC462770.wav,10.52,32000,1,WAV,True,
XC462771,XC462771.wav,14.74,32000,1,WAV,True,
XC463254,XC463254.wav,7.41,32000,1,WAV,True,
XC463255,XC463255.wav,18.59,32000,1,WAV,True,
XC463343,XC463343.wav,249.54,32000,1,WAV,True,
XC463411,XC463411.wav,29.28,32000,1,WAV,True,
XC463860,XC463860.wav,21.66,32000,1,WAV,True,
XC464147,XC464147.wav,25.74,32000,1,WAV,True,
XC464205,XC464205.wav,8.24,32000,1,WAV,True,
XC464355,XC464355.wav,96.34,32000,1,WAV,True,
XC464508,XC464508.wav,26.94,32000,1,WAV,True,
XC464530,XC464530.wav,10.94,32000,1,WAV,True,
XC464670,XC464670.wav,19.54,32000,1,WAV,True,
XC464765,XC464765.wav,23.19,32000,1,WAV,True,
XC464766,XC464766.wav,14.62,32000,1,WAV,True,
XC464997,XC464997.wav,119.02,32000,1,WAV,True,
XC464999,XC464999.wav,97.04,32000,1,WAV,True,
XC465001,XC465001.wav,56.57,32000,1,WAV,True,
XC465010,XC465010.wav,25.22,32000,1,WAV,True,
XC465049,XC465049.wav,108.18,32000,1,WAV,True,
XC465050,XC465050.wav,15.96,32000,1,WAV,True,
XC465052,XC465052.wav,103.17,32000,1,WAV,True,
XC465378,XC465378.wav,35.38,32000,1,WAV,True,
XC465621,XC465621.wav,155.38,32000,1,WAV,True,
XC465623,XC465623.wav,748.4,32000,1,WAV,True,
XC465733,XC465733.wav,281.84,32000,1,WAV,True,
XC466048,XC466048.wav,35.17,32000,1,WAV,True,
XC466164,XC466164.wav,6.74,32000,1,WAV,True,
XC466166,XC466166.wav,8.38,32000,1,WAV,True,
XC466242,XC466242.wav,19.49,32000,1,WAV,True,
XC466407,XC466407.wav,4.23,32000,1,WAV,True,
XC466449,XC466449.wav,58.96,32000,1,WAV,True,
XC466479,XC466479.wav,52.48,32000,1,WAV,True,
XC46690,XC46690.wav,5.74,32000,1,WAV,True,
XC46691,XC46691.wav,17.31,32000,1,WAV,True,
XC466910,XC466910.wav,52.59,32000,1,WAV,True,
XC466915,XC466915.wav,19.07,32000,1,WAV,True,
XC466928,XC466928.wav,94.88,32000,1,WAV,True,
XC467107,XC467107.wav,25.89,32000,1,WAV,True,
XC467316,XC467316.wav,95.76,32000,1,WAV,True,
XC467689,XC467689.wav,39.29,32000,1,WAV,True,
XC467703,XC467703.wav,17.39,32000,1,WAV,True,
XC467710,XC467710.wav,47.3,32000,1,WAV,True,
XC467806,XC467806.wav,61.01,32000,1,WAV,True,
XC46803,XC46803.wav,5.79,32000,1,WAV,True,
XC468080,XC468080.wav,59.78,32000,1,WAV,True,
XC468087,XC468087.wav,24.38,32000,1,WAV,True,
XC468243,XC468243.wav,8.67,32000,1,WAV,True,
XC468380,XC468380.wav,28.27,32000,1,WAV,True,
XC468388,XC468388.wav,3.97,32000,1,WAV,True,
XC468505,XC468505.wav,103.17,32000,1,WAV,True,
XC468991,XC468991.wav,31.28,32000,1,WAV,True,
XC469007,XC469007.wav,112.5,32000,1,WAV,True,
XC469010,XC469010.wav,89.68,32000,1,WAV,True,
XC469328,XC469328.wav,129.58,32000,1,WAV,True,
XC469569,XC469569.wav,36.02,32000,1,WAV,True,
XC469578,XC469578.wav,94.4,32000,1,WAV,True,
XC469596,XC469596.wav,98.0,32000,1,WAV,True,
XC469603,XC469603.wav,27.64,32000,1,WAV,True,
XC469605,XC469605.wav,52.35,32000,1,WAV,True,
XC469721,XC469721.wav,106.64,32000,1,WAV,True,
XC469745,XC469745.wav,148.23,32000,1,WAV,True,
XC469881,XC469881.wav,18.49,32000,1,WAV,True,
XC469882,XC469882.wav,181.78,32000,1,WAV,True,
XC469883,XC469883.wav,20.5,32000,1,WAV,True,
XC469888,XC469888.wav,58.04,32000,1,WAV,True,
XC469889,XC469889.wav,46.86,32000,1,WAV,True,
XC470277,XC470277.wav,17.38,32000,1,WAV,True,
XC470553,XC470553.wav,35.63,32000,1,WAV,True,
XC470664,XC470664.wav,4.57,32000,1,WAV,True,
XC470766,XC470766.wav,42.67,32000,1,WAV,True,
XC470771,XC470771.wav,12.86,32000,1,WAV,True,
XC470789,XC470789.wav,67.63,32000,1,WAV,True,
XC470872,XC470872.wav,90.64,32000,1,WAV,True,
XC470952,XC470952.wav,1.54,32000,1,WAV,True,
XC470954,XC470954.wav,3.57,32000,1,WAV,True,
XC471023,XC471023.wav,163.66,32000,1,WAV,True,
XC471066,XC471066.wav,12.59,32000,1,WAV,True,
XC471244,XC471244.wav,112.53,32000,1,WAV,True,
XC471510,XC471510.wav,29.68,32000,1,WAV,True,
XC471591,XC471591.wav,6.39,32000,1,WAV,True,
XC471705,XC471705.wav,33.04,32000,1,WAV,True,
XC471775,XC471775.wav,53.7,32000,1,WAV,True,
XC471778,XC471778.wav,160.37,32000,1,WAV,True,
XC472332,XC472332.wav,204.13,32000,1,WAV,True,
XC472345,XC472345.wav,9.33,32000,1,WAV,True,
XC473284,XC473284.wav,2.06,32000,1,WAV,True,
XC473376,XC473376.wav,13.5,32000,1,WAV,True,
XC473410,XC473410.wav,85.68,32000,1,WAV,True,
XC473411,XC473411.wav,20.7,32000,1,WAV,True,
XC473414,XC473414.wav,43.88,32000,1,WAV,True,
XC473417,XC473417.wav,128.24,32000,1,WAV,True,
XC473427,XC473427.wav,2.82,32000,1,WAV,True,
XC473448,XC473448.wav,39.15,32000,1,WAV,True,
XC473449,XC473449.wav,38.83,32000,1,WAV,True,
XC473676,XC473676.wav,28.42,32000,1,WAV,True,
XC473680,XC473680.wav,51.74,32000,1,WAV,True,
XC473811,XC473811.wav,3.16,32000,1,WAV,True,
XC473929,XC473929.wav,60.9,32000,1,WAV,True,
XC474064,XC474064.wav,54.18,32000,1,WAV,True,
XC474067,XC474067.wav,9.73,32000,1,WAV,True,
XC474288,XC474288.wav,26.51,32000,1,WAV,True,
XC474615,XC474615.wav,97.43,32000,1,WAV,True,
XC474653,XC474653.wav,5.68,32000,1,WAV,True,
XC474990,XC474990.wav,108.67,32000,1,WAV,True,
XC475086,XC475086.wav,19.95,32000,1,WAV,True,
XC475090,XC475090.wav,24.16,32000,1,WAV,True,
XC475108,XC475108.wav,33.58,32000,1,WAV,True,
XC475138,XC475138.wav,16.13,32000,1,WAV,True,
XC475141,XC475141.wav,67.14,32000,1,WAV,True,
XC475171,XC475171.wav,10.58,32000,1,WAV,True,
XC475248,XC475248.wav,53.44,32000,1,WAV,True,
XC475251,XC475251.wav,12.9,32000,1,WAV,True,
XC475299,XC475299.wav,14.62,32000,1,WAV,True,
XC475301,XC475301.wav,12.02,32000,1,WAV,True,
XC475302,XC475302.wav,891.9,32000,1,WAV,True,
XC475315,XC475315.wav,26.08,32000,1,WAV,True,
XC475318,XC475318.wav,5.9,32000,1,WAV,True,
XC475320,XC475320.wav,7.06,32000,1,WAV,True,
XC475679,XC475679.wav,3.48,32000,1,WAV,True,
XC475682,XC475682.wav,19.34,32000,1,WAV,True,
XC475741,XC475741.wav,28.42,32000,1,WAV,True,
XC475742,XC475742.wav,68.91,32000,1,WAV,True,
XC475967,XC475967.wav,39.21,32000,1,WAV,True,
XC476107,XC476107.wav,57.34,32000,1,WAV,True,
XC476270,XC476270.wav,40.46,32000,1,WAV,True,
XC476272,XC476272.wav,36.95,32000,1,WAV,True,
XC476302,XC476302.wav,15.66,32000,1,WAV,True,
XC476493,XC476493.wav,30.43,32000,1,WAV,True,
XC476494,XC476494.wav,24.16,32000,1,WAV,True,
XC476496,XC476496.wav,40.91,32000,1,WAV,True,
XC476517,XC476517.wav,61.9,32000,1,WAV,True,
XC476519,XC476519.wav,8.38,32000,1,WAV,True,
XC476522,XC476522.wav,5.64,32000,1,WAV,True,
XC476523,XC476523.wav,24.29,32000,1,WAV,True,
XC476524,XC476524.wav,5.54,32000,1,WAV,True,
XC476525,XC476525.wav,14.08,32000,1,WAV,True,
XC476526,XC476526.wav,6.42,32000,1,WAV,True,
XC476558,XC476558.wav,12.77,32000,1,WAV,True,
XC476576,XC476576.wav,56.34,32000,1,WAV,True,
XC477136,XC477136.wav,3.17,32000,1,WAV,True,
XC477187,XC477187.wav,43.01,32000,1,WAV,True,
XC477784,XC477784.wav,196.26,32000,1,WAV,True,
XC477807,XC477807.wav,73.81,32000,1,WAV,True,
XC477812,XC477812.wav,40.19,32000,1,WAV,True,
XC477831,XC477831.wav,5.89,32000,1,WAV,True,
XC477960,XC477960.wav,39.03,32000,1,WAV,True,
XC478449,XC478449.wav,62.75,32000,1,WAV,True,
XC478597,XC478597.wav,14.18,32000,1,WAV,True,
XC478839,XC478839.wav,122.34,32000,1,WAV,True,
XC479499,XC479499.wav,74.4,32000,1,WAV,True,
XC479500,XC479500.wav,144.83,32000,1,WAV,True,
XC479502,XC479502.wav,43.3,32000,1,WAV,True,
XC479504,XC479504.wav,98.26,32000,1,WAV,True,
XC479507,XC479507.wav,25.5,32000,1,WAV,True,
XC479508,XC479508.wav,31.56,32000,1,WAV,True,
XC479791,XC479791.wav,38.23,32000,1,WAV,True,
XC479795,XC479795.wav,56.05,32000,1,WAV,True,
XC479929,XC479929.wav,235.26,32000,1,WAV,True,
XC479931,XC479931.wav,95.9,32000,1,WAV,True,
XC480052,XC480052.wav,49.7,32000,1,WAV,True,
XC480256,XC480256.wav,52.67,32000,1,WAV,True,
XC48027,XC48027.wav,15.44,32000,1,WAV,True,
XC48028,XC48028.wav,14.32,32000,1,WAV,True,
XC48029,XC48029.wav,47.78,32000,1,WAV,True,
XC480682,XC480682.wav,59.09,32000,1,WAV,True,
XC480759,XC480759.wav,30.24,32000,1,WAV,True,
XC480761,XC480761.wav,6.72,32000,1,WAV,True,
XC480763,XC480763.wav,61.42,32000,1,WAV,True,
XC480926,XC480926.wav,10.29,32000,1,WAV,True,
XC481020,XC481020.wav,6.86,32000,1,WAV,True,
XC481130,XC481130.wav,25.91,32000,1,WAV,True,
XC481136,XC481136.wav,26.32,32000,1,WAV,True,
XC481215,XC481215.wav,14.33,32000,1,WAV,True,
XC481816,XC481816.wav,20.14,32000,1,WAV,True,
XC481834,XC481834.wav,208.7,32000,1,WAV,True,
XC481837,XC481837.wav,108.99,32000,1,WAV,True,
XC481858,XC481858.wav,1.92,32000,1,WAV,True,
XC481933,XC481933.wav,25.07,32000,1,WAV,True,
XC481988,XC481988.wav,32.59,32000,1,WAV,True,
XC482018,XC482018.wav,50.32,32000,1,WAV,True,
XC482163,XC482163.wav,89.31,32000,1,WAV,True,
XC482267,XC482267.wav,45.07,32000,1,WAV,True,
XC482275,XC482275.wav,32.85,32000,1,WAV,True,
XC482276,XC482276.wav,29.92,32000,1,WAV,True,
XC482279,XC482279.wav,30.08,32000,1,WAV,True,
XC482280,XC482280.wav,2.35,32000,1,WAV,True,
XC482281,XC482281.wav,47.67,32000,1,WAV,True,
XC482295,XC482295.wav,55.38,32000,1,WAV,True,
XC482331,XC482331.wav,34.71,32000,1,WAV,True,
XC482364,XC482364.wav,17.66,32000,1,WAV,True,
XC482493,XC482493.wav,47.1,32000,1,WAV,True,
XC482515,XC482515.wav,186.02,32000,1,WAV,True,
XC482568,XC482568.wav,11.47,32000,1,WAV,True,
XC482618,XC482618.wav,3.9,32000,1,WAV,True,
XC482783,XC482783.wav,9.22,32000,1,WAV,True,
XC482868,XC482868.wav,105.47,32000,1,WAV,True,
XC482875,XC482875.wav,35.44,32000,1,WAV,True,
XC483020,XC483020.wav,31.78,32000,1,WAV,True,
XC483021,XC483021.wav,7.89,32000,1,WAV,True,
XC483028,XC483028.wav,12.43,32000,1,WAV,True,
XC483030,XC483030.wav,30.66,32000,1,WAV,True,
XC483145,XC483145.wav,19.24,32000,1,WAV,True,
XC483184,XC483184.wav,10.05,32000,1,WAV,True,
XC483188,XC483188.wav,14.27,32000,1,WAV,True,
XC483190,XC483190.wav,12.64,32000,1,WAV,True,
XC483199,XC483199.wav,16.82,32000,1,WAV,True,
XC483211,XC483211.wav,45.79,32000,1,WAV,True,
XC483212,XC483212.wav,34.94,32000,1,WAV,True,
XC483214,XC483214.wav,37.71,32000,1,WAV,True,
XC483215,XC483215.wav,94.19,32000,1,WAV,True,
XC483293,XC483293.wav,4.48,32000,1,WAV,True,
XC483295,XC483295.wav,5.31,32000,1,WAV,True,
XC483552,XC483552.wav,6.98,32000,1,WAV,True,
XC483578,XC483578.wav,17.68,32000,1,WAV,True,
XC483628,XC483628.wav,22.4,32000,1,WAV,True,
XC483735,XC483735.wav,26.32,32000,1,WAV,True,
XC483875,XC483875.wav,16.78,32000,1,WAV,True,
XC484151,XC484151.wav,87.87,32000,1,WAV,True,
XC48445,XC48445.wav,6.61,32000,1,WAV,True,
XC48475,XC48475.wav,17.07,32000,1,WAV,True,
XC484906,XC484906.wav,24.74,32000,1,WAV,True,
XC485817,XC485817.wav,64.85,32000,1,WAV,True,
XC485982,XC485982.wav,16.5,32000,1,WAV,True,
XC485983,XC485983.wav,23.26,32000,1,WAV,True,
XC485984,XC485984.wav,28.25,32000,1,WAV,True,
XC48609,XC48609.wav,11.76,32000,1,WAV,True,
XC486220,XC486220.wav,6.84,32000,1,WAV,True,
XC486471,XC486471.wav,39.55,32000,1,WAV,True,
XC486563,XC486563.wav,11.36,32000,1,WAV,True,
XC486566,XC486566.wav,7.34,32000,1,WAV,True,
XC486786,XC486786.wav,16.22,32000,1,WAV,True,
XC486798,XC486798.wav,15.68,32000,1,WAV,True,
XC486800,XC486800.wav,19.62,32000,1,WAV,True,
XC486855,XC486855.wav,33.54,32000,1,WAV,True,
XC486856,XC486856.wav,64.53,32000,1,WAV,True,
XC486857,XC486857.wav,22.63,32000,1,WAV,True,
XC486858,XC486858.wav,77.15,32000,1,WAV,True,
XC486859,XC486859.wav,96.26,32000,1,WAV,True,
XC486860,XC486860.wav,31.38,32000,1,WAV,True,
XC487219,XC487219.wav,25.18,32000,1,WAV,True,
XC487497,XC487497.wav,16.4,32000,1,WAV,True,
XC487832,XC487832.wav,41.87,32000,1,WAV,True,
XC489429,XC489429.wav,33.37,32000,1,WAV,True,
XC490385,XC490385.wav,69.92,32000,1,WAV,True,
XC490386,XC490386.wav,5.42,32000,1,WAV,True,
XC490508,XC490508.wav,266.67,32000,1,WAV,True,
XC490518,XC490518.wav,88.27,32000,1,WAV,True,
XC490521,XC490521.wav,116.54,32000,1,WAV,True,
XC490934,XC490934.wav,21.8,32000,1,WAV,True,
XC490936,XC490936.wav,66.56,32000,1,WAV,True,
XC491073,XC491073.wav,103.42,32000,1,WAV,True,
XC491598,XC491598.wav,22.35,32000,1,WAV,True,
XC491610,XC491610.wav,49.54,32000,1,WAV,True,
XC491629,XC491629.wav,30.29,32000,1,WAV,True,
XC491631,XC491631.wav,19.15,32000,1,WAV,True,
XC491632,XC491632.wav,9.12,32000,1,WAV,True,
XC491633,XC491633.wav,12.45,32000,1,WAV,True,
XC491634,XC491634.wav,6.42,32000,1,WAV,True,
XC491635,XC491635.wav,10.14,32000,1,WAV,True,
XC492146,XC492146.wav,29.09,32000,1,WAV,True,
XC492147,XC492147.wav,57.37,32000,1,WAV,True,
XC492246,XC492246.wav,28.1,32000,1,WAV,True,
XC492291,XC492291.wav,6.65,32000,1,WAV,True,
XC492384,XC492384.wav,41.07,32000,1,WAV,True,
XC492406,XC492406.wav,22.24,32000,1,WAV,True,
XC493058,XC493058.wav,32.7,32000,1,WAV,True,
XC493266,XC493266.wav,50.48,32000,1,WAV,True,
XC493267,XC493267.wav,21.31,32000,1,WAV,True,
XC493268,XC493268.wav,6.59,32000,1,WAV,True,
XC493338,XC493338.wav,133.84,32000,1,WAV,True,
XC493365,XC493365.wav,61.27,32000,1,WAV,True,
XC493469,XC493469.wav,16.34,32000,1,WAV,True,
XC493470,XC493470.wav,16.34,32000,1,WAV,True,
XC493543,XC493543.wav,15.27,32000,1,WAV,True,
XC493544,XC493544.wav,38.41,32000,1,WAV,True,
XC493888,XC493888.wav,39.47,32000,1,WAV,True,
XC494032,XC494032.wav,1.8,32000,1,WAV,True,
XC494351,XC494351.wav,306.19,32000,1,WAV,True,
XC494405,XC494405.wav,74.78,32000,1,WAV,True,
XC494421,XC494421.wav,11.52,32000,1,WAV,True,
XC494579,XC494579.wav,12.5,32000,1,WAV,True,
XC494993,XC494993.wav,32.34,32000,1,WAV,True,
XC494996,XC494996.wav,11.76,32000,1,WAV,True,
XC495007,XC495007.wav,167.81,32000,1,WAV,True,
XC495169,XC495169.wav,227.36,32000,1,WAV,True,
XC495177,XC495177.wav,32.69,32000,1,WAV,True,
XC495178,XC495178.wav,92.48,32000,1,WAV,True,
XC495179,XC495179.wav,56.85,32000,1,WAV,True,
XC495180,XC495180.wav,70.54,32000,1,WAV,True,
XC495181,XC495181.wav,58.59,32000,1,WAV,True,
XC495182,XC495182.wav,73.28,32000,1,WAV,True,
XC495188,XC495188.wav,4.93,32000,1,WAV,True,
XC495191,XC495191.wav,50.24,32000,1,WAV,True,
XC495244,XC495244.wav,22.19,32000,1,WAV,True,
XC495252,XC495252.wav,252.77,32000,1,WAV,True,
XC495327,XC495327.wav,103.49,32000,1,WAV,True,
XC495411,XC495411.wav,4.93,32000,1,WAV,True,
XC495420,XC495420.wav,57.77,32000,1,WAV,True,
XC495474,XC495474.wav,36.22,32000,1,WAV,True,
XC496109,XC496109.wav,51.59,32000,1,WAV,True,
XC496280,XC496280.wav,210.5,32000,1,WAV,True,
XC496354,XC496354.wav,27.09,32000,1,WAV,True,
XC496355,XC496355.wav,420.05,32000,1,WAV,True,
XC497156,XC497156.wav,52.75,32000,1,WAV,True,
XC497300,XC497300.wav,176.96,32000,1,WAV,True,
XC497429,XC497429.wav,88.54,32000,1,WAV,True,
XC497492,XC497492.wav,15.41,32000,1,WAV,True,
XC497494,XC497494.wav,208.78,32000,1,WAV,True,
XC497796,XC497796.wav,40.28,32000,1,WAV,True,
XC498161,XC498161.wav,17.48,32000,1,WAV,True,
XC498255,XC498255.wav,119.52,32000,1,WAV,True,
XC498256,XC498256.wav,20.06,32000,1,WAV,True,
XC498643,XC498643.wav,20.11,32000,1,WAV,True,
XC498644,XC498644.wav,12.43,32000,1,WAV,True,
XC498645,XC498645.wav,32.64,32000,1,WAV,True,
XC499322,XC499322.wav,30.47,32000,1,WAV,True,
XC499324,XC499324.wav,2.29,32000,1,WAV,True,
XC499561,XC499561.wav,40.82,32000,1,WAV,True,
XC500093,XC500093.wav,45.48,32000,1,WAV,True,
XC500125,XC500125.wav,34.48,32000,1,WAV,True,
XC500139,XC500139.wav,8.35,32000,1,WAV,True,
XC500350,XC500350.wav,12.35,32000,1,WAV,True,
XC500351,XC500351.wav,19.57,32000,1,WAV,True,
XC500354,XC500354.wav,47.34,32000,1,WAV,True,
XC501250,XC501250.wav,22.16,32000,1,WAV,True,
XC501251,XC501251.wav,162.62,32000,1,WAV,True,
XC501252,XC501252.wav,39.28,32000,1,WAV,True,
XC501253,XC501253.wav,31.89,32000,1,WAV,True,
XC501257,XC501257.wav,40.67,32000,1,WAV,True,
XC501258,XC501258.wav,43.39,32000,1,WAV,True,
XC501259,XC501259.wav,29.81,32000,1,WAV,True,
XC501260,XC501260.wav,50.54,32000,1,WAV,True,
XC501261,XC501261.wav,63.34,32000,1,WAV,True,
XC501262,XC501262.wav,19.71,32000,1,WAV,True,
XC501459,XC501459.wav,12.95,32000,1,WAV,True,
XC501464,XC501464.wav,10.04,32000,1,WAV,True,
XC501766,XC501766.wav,5.33,32000,1,WAV,True,
XC501895,XC501895.wav,35.71,32000,1,WAV,True,
XC502311,XC502311.wav,19.69,32000,1,WAV,True,
XC502313,XC502313.wav,58.17,32000,1,WAV,True,
XC502505,XC502505.wav,63.95,32000,1,WAV,True,
XC502629,XC502629.wav,60.42,32000,1,WAV,True,
XC503144,XC503144.wav,49.83,32000,1,WAV,True,
XC503186,XC503186.wav,44.56,32000,1,WAV,True,
XC503191,XC503191.wav,36.48,32000,1,WAV,True,
XC503194,XC503194.wav,32.02,32000,1,WAV,True,
XC504005,XC504005.wav,25.98,32000,1,WAV,True,
XC504006,XC504006.wav,18.07,32000,1,WAV,True,
XC504150,XC504150.wav,6.19,32000,1,WAV,True,
XC504196,XC504196.wav,8.55,32000,1,WAV,True,
XC50586,XC50586.wav,15.57,32000,1,WAV,True,
XC50587,XC50587.wav,36.21,32000,1,WAV,True,
XC50588,XC50588.wav,48.38,32000,1,WAV,True,
XC50589,XC50589.wav,3.81,32000,1,WAV,True,
XC50590,XC50590.wav,113.7,32000,1,WAV,True,
XC50591,XC50591.wav,87.25,32000,1,WAV,True,
XC50592,XC50592.wav,14.62,32000,1,WAV,True,
XC50593,XC50593.wav,18.14,32000,1,WAV,True,
XC50594,XC50594.wav,74.1,32000,1,WAV,True,
XC50595,XC50595.wav,27.5,32000,1,WAV,True,
XC50596,XC50596.wav,15.1,32000,1,WAV,True,
XC50597,XC50597.wav,22.56,32000,1,WAV,True,
XC50598,XC50598.wav,25.44,32000,1,WAV,True,
XC50599,XC50599.wav,19.28,32000,1,WAV,True,
XC50600,XC50600.wav,15.25,32000,1,WAV,True,
XC50601,XC50601.wav,9.14,32000,1,WAV,True,
XC50602,XC50602.wav,3.12,32000,1,WAV,True,
XC50603,XC50603.wav,3.71,32000,1,WAV,True,
XC50604,XC50604.wav,6.43,32000,1,WAV,True,
XC50605,XC50605.wav,12.08,32000,1,WAV,True,
XC50606,XC50606.wav,17.25,32000,1,WAV,True,
XC50607,XC50607.wav,9.84,32000,1,WAV,True,
XC50608,XC50608.wav,5.23,32000,1,WAV,True,
XC50609,XC50609.wav,5.54,32000,1,WAV,True,
XC50610,XC50610.wav,8.08,32000,1,WAV,True,
XC50661,XC50661.wav,17.84,32000,1,WAV,True,
XC51318,XC51318.wav,1.58,32000,1,WAV,True,
XC51319,XC51319.wav,7.63,32000,1,WAV,True,
XC51410,XC51410.wav,64.37,32000,1,WAV,True,
XC51411,XC51411.wav,42.71,32000,1,WAV,True,
XC51412,XC51412.wav,30.79,32000,1,WAV,True,
XC51473,XC51473.wav,14.66,32000,1,WAV,True,
XC51474,XC51474.wav,18.72,32000,1,WAV,True,
XC51475,XC51475.wav,9.01,32000,1,WAV,True,
XC51476,XC51476.wav,5.57,32000,1,WAV,True,
XC51477,XC51477.wav,11.87,32000,1,WAV,True,
XC51699,XC51699.wav,12.99,32000,1,WAV,True,
XC51700,XC51700.wav,4.64,32000,1,WAV,True,
XC51701,XC51701.wav,7.9,32000,1,WAV,True,
XC51754,XC51754.wav,11.18,32000,1,WAV,True,
XC51755,XC51755.wav,66.75,32000,1,WAV,True,
XC51757,XC51757.wav,107.06,32000,1,WAV,True,
XC51758,XC51758.wav,84.64,32000,1,WAV,True,
XC51759,XC51759.wav,19.02,32000,1,WAV,True,
XC51775,XC51775.wav,12.98,32000,1,WAV,True,
XC51779,XC51779.wav,35.63,32000,1,WAV,True,
XC51862,XC51862.wav,20.82,32000,1,WAV,True,
XC51863,XC51863.wav,19.17,32000,1,WAV,True,
XC51864,XC51864.wav,37.71,32000,1,WAV,True,
XC51865,XC51865.wav,37.3,32000,1,WAV,True,
XC51866,XC51866.wav,7.59,32000,1,WAV,True,
XC51867,XC51867.wav,33.23,32000,1,WAV,True,
XC51868,XC51868.wav,14.65,32000,1,WAV,True,
XC51879,XC51879.wav,17.18,32000,1,WAV,True,
XC52151,XC52151.wav,2.14,32000,1,WAV,True,
XC52152,XC52152.wav,1.94,32000,1,WAV,True,
XC52153,XC52153.wav,1.74,32000,1,WAV,True,
XC52309,XC52309.wav,42.84,32000,1,WAV,True,
XC52310,XC52310.wav,6.53,32000,1,WAV,True,
XC52312,XC52312.wav,10.71,32000,1,WAV,True,
XC52314,XC52314.wav,12.47,32000,1,WAV,True,
XC52986,XC52986.wav,7.86,32000,1,WAV,True,
XC52987,XC52987.wav,87.15,32000,1,WAV,True,
XC52988,XC52988.wav,10.92,32000,1,WAV,True,
XC53405,XC53405.wav,34.82,32000,1,WAV,True,
XC53619,XC53619.wav,35.15,32000,1,WAV,True,
XC53620,XC53620.wav,54.55,32000,1,WAV,True,
XC53695,XC53695.wav,50.61,32000,1,WAV,True,
XC53696,XC53696.wav,53.47,32000,1,WAV,True,
XC53697,XC53697.wav,69.54,32000,1,WAV,True,
XC53698,XC53698.wav,67.86,32000,1,WAV,True,
XC53699,XC53699.wav,67.82,32000,1,WAV,True,
XC53700,XC53700.wav,40.32,32000,1,WAV,True,
XC54285,XC54285.wav,44.7,32000,1,WAV,True,
XC54355,XC54355.wav,7.46,32000,1,WAV,True,
XC54356,XC54356.wav,21.26,32000,1,WAV,True,
XC54357,XC54357.wav,16.1,32000,1,WAV,True,
XC56416,XC56416.wav,37.54,32000,1,WAV,True,
XC56898,XC56898.wav,27.42,32000,1,WAV,True,
XC57029,XC57029.wav,29.28,32000,1,WAV,True,
XC57384,XC57384.wav,18.96,32000,1,WAV,True,
XC57970,XC57970.wav,8.93,32000,1,WAV,True,
XC57971,XC57971.wav,18.31,32000,1,WAV,True,
XC59480,XC59480.wav,28.11,32000,1,WAV,True,
XC5986,XC5986.wav,0.96,32000,1,WAV,True,
XC59938,XC59938.wav,1.26,32000,1,WAV,True,
XC59941,XC59941.wav,110.05,32000,1,WAV,True,
XC61168,XC61168.wav,12.06,32000,1,WAV,True,
XC65612,XC65612.wav,7.03,32000,1,WAV,True,
XC65919,XC65919.wav,60.84,32000,1,WAV,True,
XC67143,XC67143.wav,5.78,32000,1,WAV,True,
XC70185,XC70185.wav,17.33,32000,1,WAV,True,
XC70721,XC70721.wav,14.0,32000,1,WAV,True,
XC70722,XC70722.wav,19.38,32000,1,WAV,True,
XC77879,XC77879.wav,53.9,32000,1,WAV,True,
XC77881,XC77881.wav,19.12,32000,1,WAV,True,
XC77884,XC77884.wav,5.87,32000,1,WAV,True,
XC78342,XC78342.wav,48.69,32000,1,WAV,True,
XC78890,XC78890.wav,10.0,32000,1,WAV,True,
XC78891,XC78891.wav,45.24,32000,1,WAV,True,
XC79972,XC79972.wav,12.84,32000,1,WAV,True,
XC81290,XC81290.wav,5.66,32000,1,WAV,True,
XC81305,XC81305.wav,59.07,32000,1,WAV,True,
XC86755,XC86755.wav,7.7,32000,1,WAV,True,
XC86760,XC86760.wav,21.04,32000,1,WAV,True,
XC8883,XC8883.wav,6.08,32000,1,WAV,True,
XC91412,XC91412.wav,61.44,32000,1,WAV,True,
XC92009,XC92009.wav,32.26,32000,1,WAV,True,
XC99571,XC99571.wav,4.93,32000,1,WAV,True,
XC99969,XC99969.wav,111.07,32000,1,WAV,True,
